source,target
abelard,aristotle-logic
abelard,mereology-medieval
abelard,relations-medieval
abelard,medieval-syllogism
abelard,universals-medieval
abelard,william-champeaux
abhidharma,atomism-modern
abhidharma,atomism-ancient
abhidharma,consciousness-intentionality
abhidharma,contradiction
abhidharma,epistemology
abhidharma,kyoto-school
abhidharma,madhyamaka
abhidharma,mind-indian-buddhism
abhidharma,nagarjuna
abhidharma,saantarak-sita
abilities,action
abilities,compatibilism
abilities,conditionals
abilities,dispositions
abilities,incompatibilism-arguments
abilities,logic-modal
abrabanel,maimonides
abstract-objects,frege
abstract-objects,frege-logic
abstract-objects,object
abstract-objects,properties
action,shared-agency
action,davidson
action,intention
action,practical-reason
action,reasons-just-vs-expl
action,self-knowledge
actualism,logic-classical
actualism,logic-classical
actualism,logic-free
actualism,logic-modal
actualism,possible-objects
actualism,prior
actualism,states-of-affairs
adaptationism,biology-philosophy
adaptationism,darwinism
adaptationism,evolution
adaptationism,game-evolutionary
adaptationism,evolutionary-genetics
adaptationism,genotype-phenotype
adaptationism,molecular-genetics
adaptationism,population-genetics
adaptationism,models-science
adaptationism,morality-biology
adaptationism,natural-selection
adaptationism,selection-units
adaptationism,evolutionary-psychology
adaptationism,science-theory-observation
adaptationism,sociobiology
addams-jane,dewey-political
addams-jane,femapproach-pragmatism
addams-jane,feminism-ethics
addams-jane,feminism-femhist
addams-jane,feminist-social-epistemology
addams-jane,feminism-class
addams-jane,james
addams-jane,mead
addams-jane,peirce
addams-jane,royce
adorno,contradiction
adorno,critical-theory
adorno,enlightenment
adorno,habermas
adorno,hegel
adorno,horkheimer
adorno,identity
adorno,kant
adorno,marx
adorno,physicalism
adorno,popper
adorno,postmodernism
adorno,truth
advance-directives,personal-autonomy
advance-directives,decision-capacity
advance-directives,respect
advance-directives,personal-autonomy
advance-directives,principle-beneficence
advance-directives,well-being
advance-directives,decision-capacity
advance-directives,personal-autonomy
advance-directives,principle-beneficence
advance-directives,well-being
advance-directives,well-being
advance-directives,identity-personal
advance-directives,personal-autonomy
advance-directives,principle-beneficence
advance-directives,decision-capacity
advance-directives,legal-obligation
advance-directives,paternalism
advance-directives,identity-personal
advance-directives,identity-ethics
advance-directives,respect
advance-directives,well-being
aesthetic-concept,aesthetic-judgment
aesthetic-concept,aesthetics-18th-british
aesthetic-concept,environmental-aesthetics
aesthetic-concept,aesthetics-18th-french
aesthetic-concept,aesthetics-18th-german
aesthetic-concept,beardsley-aesthetics
aesthetic-concept,hume-aesthetics
aesthetic-judgment,pleasure
aesthetic-judgment,relativism
aesthetics-18th-british,aesthetic-concept
aesthetics-18th-british,aesthetic-judgment
aesthetics-18th-british,aesthetics-18th-french
aesthetics-18th-british,aesthetics-18th-german
aesthetics-18th-british,burke
aesthetics-18th-british,hume-aesthetics
aesthetics-18th-british,reid
aesthetics-18th-british,scottish-18th
aesthetics-18th-british,shaftesbury
environmental-aesthetics,aesthetic-concept
environmental-aesthetics,aesthetics-18th-british
environmental-aesthetics,dewey-aesthetics
environmental-aesthetics,ethics-environmental
aesthetics-existentialist,beauvoir
aesthetics-existentialist,existentialism
aesthetics-existentialist,marcel
aesthetics-existentialist,merleau-ponty
aesthetics-existentialist,phenomenology
aesthetics-existentialist,sartre
aesthetics-18th-french,aesthetics-18th-british
aesthetics-18th-french,aesthetics-18th-german
aesthetics-18th-french,enlightenment
aesthetics-18th-french,hume-aesthetics
aesthetics-18th-french,voltaire
aesthetics-18th-german,aesthetics-18th-british
aesthetics-18th-german,aesthetics-18th-french
aesthetics-18th-german,herder
aesthetics-18th-german,kant
aesthetics-18th-german,leibniz
aesthetics-18th-german,wolff-christian
affirmative-action,equality
affirmative-action,rights
africana,african-ethics
africana,african-sage
africana,akan-person
africana,negritude
africana,black-reparations
african-ethics,africana
african-ethics,akan-person
african-ethics,ethics-virtue
afterlife,heaven-hell
afterlife,dualism
afterlife,dualism
afterlife,physicalism
shared-agency,action
shared-agency,practical-reason-action
shared-agency,collective-responsibility
shared-agency,rights-group
agrippa-nettesheim,al-kindi
agrippa-nettesheim,albert-great
agrippa-nettesheim,roger-bacon
agrippa-nettesheim,pico-della-mirandola
agrippa-nettesheim,plotinus
agrippa-nettesheim,porphyry
agrippa-nettesheim,skepticism
akan-person,african-sage
akan-person,moral-animal
akan-person,identity-ethics
al-ghazali,arabic-islamic-natural
al-ghazali,causation-medieval
al-ghazali,duns-scotus
al-ghazali,medieval-futcont
al-ghazali,maimonides-islamic
al-ghazali,modality-medieval
al-ghazali,philoponus
al-kindi,aristotle
al-kindi,eternity
al-kindi,philoponus
al-kindi,plotinus
albert-saxony,buridan
albert-saxony,burley
albert-saxony,heytesbury
albert-saxony,ockham
albert-great,aquinas
albert-great,aristotle
albert-great,aristotle-metaphysics
albert-great,augustine
albert-great,binarium
albert-great,cusanus
albert-great,dietrich-freiberg
albert-great,freewill
albert-great,meister-eckhart
albert-great,properties
albert-great,pseudo-dionysius-areopagite
albert-great,ancient-soul
albert-great,substance
albo-joseph,aquinas
albo-joseph,evil
albo-joseph,halevi
albo-joseph,maimonides
albo-joseph,mendelssohn
albo-joseph,natural-law-theories
albo-joseph,prophecy
albo-joseph,providence-divine
albo-joseph,spinoza
albo-joseph,time
alcmaeon,aristotle
alcmaeon,empedocles
alcmaeon,philolaus
alcmaeon,plato
alcmaeon,pythagoras
alcmaeon,pythagoreanism
alexander-aphrodisias,aristotelianism-renaissance
alexander-aphrodisias,aristotle
alexander-aphrodisias,aristotle-commentators
alexander-aphrodisias,elias
alexander-aphrodisias,plato
alexander-aphrodisias,platonism
alexander-aphrodisias,plotinus
alexander-aphrodisias,porphyry
alexander-aphrodisias,stoicism
algebra,boolalg-math
algebra,boolalg-math
algebra,category-theory
algebra-logic-tradition,algebra
algebra-logic-tradition,boole
algebra-logic-tradition,boolalg-math
algebra-logic-tradition,william-jevons
algebra-logic-tradition,consequence-algebraic
algebra-logic-tradition,tarski
althusser,epistemology-social
althusser,foucault
althusser,hermeneutics
althusser,law-ideology
althusser,marx
althusser,postmodernism
althusser,scientific-revolutions
althusser,social-institutions
althusser,spinoza-political
altruism-biological,game-evolutionary
altruism-biological,natural-selection
altruism-biological,selection-units
altruism-biological,sociobiology
alyngton,burley
alyngton,wyclif
ammonius,philoponus
ammonius,alexander-aphrodisias
ammonius,aristotle
ammonius,aristotle-commentators
ammonius,boethius
ammonius,dialectical-school
ammonius,diodorus-cronus
ammonius,olympiodorus
ammonius,philoponus
ammonius,plato
ammonius,porphyry
ammonius,syrianus
analogy-medieval,aquinas
analogy-medieval,duns-scotus
analysis,knowledge-analysis
analysis,abstract-objects
analysis,analytic-synthetic
analysis,aristotle
analysis,bolzano
analysis,buridan
analysis,descartes
analysis,descriptions
analysis,frege
analysis,kant
analysis,knowledge-analysis
analysis,leibniz
analysis,logical-construction
analysis,logical-form
analysis,moore
analysis,necessary-sufficient
analysis,ockham
analysis,plato
analysis,russell
analysis,wittgenstein
analytic-synthetic,analysis
analytic-synthetic,apriori
analytic-synthetic,behaviorism
analytic-synthetic,definitions
analytic-synthetic,epistemology
analytic-synthetic,frege
analytic-synthetic,kant
analytic-synthetic,logical-constants
analytic-synthetic,logical-truth
analytic-synthetic,meaning
analytic-synthetic,metaphysics
analytic-synthetic,naturalism
analytic-synthetic,operationalism
analytic-synthetic,phenomenology
analytic-synthetic,quine
analytic-synthetic,rationalism-empiricism
analytic-synthetic,russell
anaphora,descriptions
anaphora,epsilon-calculus
anaphora,generalized-quantifiers
anaxagoras,democritus
anaxagoras,doxography-ancient
anaxagoras,empedocles
anaxagoras,parmenides
anaxagoras,plato
anaxagoras,presocratics
anaxagoras,ancient-soul
anaxagoras,zeno-elea
moral-animal,consciousness-animal
moral-animal,consequentialism
moral-animal,emotion
moral-animal,feminism-ethics
moral-animal,feminism-political
moral-animal,kant
moral-animal,rights
anomalous-monism,action
anomalous-monism,davidson
anomalous-monism,dualism
anomalous-monism,epiphenomenalism
anomalous-monism,events
anomalous-monism,functionalism
anomalous-monism,mind-identity
anomalous-monism,laws-of-nature
anomalous-monism,mental-causation
anomalous-monism,monism
anomalous-monism,multiple-realizability
anomalous-monism,physicalism
anomalous-monism,psychologism
anomalous-monism,spinoza
anomalous-monism,supervenience
anscombe,action
anscombe,action
anscombe,consequentialism
anscombe,davidson
anscombe,double-effect
anscombe,natural-law-ethics
anscombe,ethics-virtue
anscombe,moral-psych-emp
anscombe,war
anscombe,wittgenstein
anselm,ontological-arguments
anselm,augustine
anselm,duns-scotus
anselm,freewill
anselm,medieval-philosophy
anselm,ontological-arguments
antiochus-ascalon,skepticism-ancient
antiochus-ascalon,arcesilaus
antiochus-ascalon,carneades
antiochus-ascalon,carneades
antiochus-ascalon,stoicism
antiochus-ascalon,arcesilaus
antiochus-ascalon,carneades
antiochus-ascalon,ethics-ancient
antiochus-ascalon,philo-larissa
antiochus-ascalon,skepticism-ancient
antiochus-ascalon,stoicism
apriori,analytic-synthetic
apriori,natural-kinds
apriori,rationalism-empiricism
apriori,reasoning-defeasible
apriori,reliabilism
aquinas,analogy-medieval
aquinas,augustine
aquinas,binarium
aquinas,boethius
aquinas,causation-medieval
aquinas,condemnation
aquinas,conscience-medieval
aquinas,illumination
aquinas,giles
aquinas,godfrey
aquinas,maritain
aquinas,medieval-philosophy
aquinas,medieval-literary
aquinas,representation-medieval
aquinas,practical-reason-med
aquinas,relations-medieval
aquinas-moral-political,aquinas
aquinas-moral-political,natural-law-ethics
aquinas-moral-political,practical-reason-med
arabic-islamic-natural,al-kindi
arabic-islamic-natural,aristotle-natphil
arabic-islamic-natural,atomism-ancient
arabic-islamic-natural,maimonides
arabic-islamic-natural,philoponus
arabic-islamic-language,al-ghazali
arabic-islamic-language,al-kindi
arabic-islamic-language,arabic-islamic-natural
arabic-islamic-language,arabic-islamic-judaic
arabic-islamic-language,arabic-islamic-influence
arabic-islamic-language,aristotle-categories
arabic-islamic-language,aristotle-logic
arabic-islamic-language,medieval-categories
arabic-islamic-language,demonstration-medieval
arabic-islamic-language,essential-accidental
arabic-islamic-language,ibn-bajja
arabic-islamic-language,ibn-gabirol
arabic-islamic-language,logic-modal
arabic-islamic-language,medieval-syllogism
arabic-islamic-mind,al-kindi
arabic-islamic-mind,alexander-aphrodisias
arabic-islamic-mind,arabic-islamic-natural
arabic-islamic-mind,aristotle
arabic-islamic-mind,aristotle-psychology
arabic-islamic-mind,ibn-bajja
arabic-islamic-mind,intentionality-ancient
arabic-islamic-mind,memory
arabic-islamic-mind,representation-medieval
arabic-islamic-mind,plato
arabic-islamic-mind,plotinus
arabic-islamic-mind,ancient-soul
arabic-islamic-greek,theology-aristotle
arabic-islamic-greek,al-kindi
arabic-islamic-greek,alexander-aphrodisias
arabic-islamic-greek,arabic-islamic-natural
arabic-islamic-greek,arabic-islamic-language
arabic-islamic-greek,aristotle
arabic-islamic-greek,olympiodorus
arabic-islamic-greek,philoponus
arabic-islamic-greek,plato
arabic-islamic-greek,plotinus
arabic-islamic-greek,theology-aristotle
arabic-islamic-judaic,al-ghazali
arabic-islamic-judaic,al-kindi
arabic-islamic-judaic,ikhwan-al-safa
arabic-islamic-judaic,delmedigo
arabic-islamic-judaic,falaquera
arabic-islamic-judaic,gersonides
arabic-islamic-judaic,halevi
arabic-islamic-judaic,ibn-bajja
arabic-islamic-judaic,abraham-daud
arabic-islamic-judaic,ibn-ezra
arabic-islamic-judaic,ibn-gabirol
arabic-islamic-judaic,israeli
arabic-islamic-judaic,maimonides
arabic-islamic-judaic,maimonides-islamic
arabic-islamic-judaic,theology-aristotle
arabic-islamic-judaic,tibbon
arabic-islamic-influence,albert-great
arabic-islamic-influence,aquinas
arabic-islamic-influence,aristotelianism-renaissance
arabic-islamic-influence,boethius
arabic-islamic-influence,buridan
arabic-islamic-influence,condemnation
arabic-islamic-influence,duns-scotus
arabic-islamic-influence,giles
arabic-islamic-influence,henry-ghent
arabic-islamic-influence,miracles
arabic-islamic-influence,pomponazzi
arabic-islamic-influence,prophecy
arabic-islamic-influence,ancient-soul
arabic-islamic-influence,william-auvergne
ikhwan-al-safa,al-kindi
ikhwan-al-safa,arabic-islamic-natural
ikhwan-al-safa,arabic-islamic-greek
ikhwan-al-safa,creation-conservation
ikhwan-al-safa,pythagoreanism
ikhwan-al-safa,ancient-soul
arabic-islamic-mysticism,al-ghazali
arabic-islamic-mysticism,ikhwan-al-safa
arabic-islamic-mysticism,ibn-arabi
arabic-islamic-mysticism,mulla-sadra
arabic-islamic-mysticism,mysticism
arabic-islamic-mysticism,suhrawardi
arcesilaus,belief
arcesilaus,carneades
arcesilaus,dialectical-school
arcesilaus,philo-larissa
arcesilaus,pyrrho
arcesilaus,skepticism-ancient
arcesilaus,socrates
arcesilaus,stoicism
archytas,aristotle
archytas,philolaus
archytas,plato
archytas,pythagoras
archytas,pythagoreanism
arendt,aristotle
arendt,existentialism
arendt,hobbes
arendt,husserl
arendt,jaspers
arendt,kant
arendt,machiavelli
arendt,phenomenology
arendt,plato
aristotelianism-renaissance,albert-saxony
aristotelianism-renaissance,alexander-aphrodisias
aristotelianism-renaissance,alyngton
aristotelianism-renaissance,aristotle
aristotelianism-renaissance,aristotle-commentators
aristotelianism-renaissance,francis-bacon
aristotelianism-renaissance,byzantine-philosophy
aristotelianism-renaissance,doxography-ancient
aristotelianism-renaissance,galileo
aristotelianism-renaissance,heytesbury
aristotelianism-renaissance,logic-informal
aristotelianism-renaissance,marsilius-inghen
aristotelianism-renaissance,medieval-literary
aristotelianism-renaissance,patrizi
aristotelianism-renaissance,paul-venice
aristotelianism-renaissance,pomponazzi
aristotelianism-renaissance,zabarella
aristotle,aristotle-logic
aristotle,aristotle-categories
aristotle,aristotle-causality
aristotle,parmenides
aristotle,zeno-elea
aristotle,aristotle-metaphysics
aristotle,aristotle-psychology
aristotle,aristotle-ethics
aristotle,aristotle-politics
aristotle,aristotle-rhetoric
aristotle,aristotle-commentators
aristotle,plotinus
aristotle,porphyry
aristotle,byzantine-philosophy
aristotle,arabic-islamic-influence
aristotle,albert-great
aristotle,aquinas
aristotle,binarium
aristotle,aristotelianism-renaissance
aristotle,ethics-virtue
aristotle,arabic-islamic-influence
aristotle,aristotle-commentators
aristotle,aristotle-biology
aristotle,aristotle-categories
aristotle,aristotle-ethics
aristotle,aristotle-logic
aristotle,aristotle-metaphysics
aristotle,aristotle-politics
aristotle,aristotle-psychology
aristotle,aristotle-rhetoric
aristotle,aristotle-causality
aristotle,aristotle-mathematics
aristotle,aristotle-natphil
aristotle,aristotle-noncontradiction
aristotle,essential-accidental
aristotle,substance
aristotle-commentators,alexander-aphrodisias
aristotle-commentators,ammonius
aristotle-commentators,boethius
aristotle-commentators,alexander-aphrodisias
aristotle-commentators,ammonius
aristotle-commentators,aristotelianism-renaissance
aristotle-commentators,aristotle
aristotle-commentators,boethius
aristotle-commentators,david
aristotle-commentators,elias
aristotle-commentators,olympiodorus
aristotle-commentators,philoponus
aristotle-commentators,plato
aristotle-commentators,plotinus
aristotle-commentators,porphyry
aristotle-biology,aristotle
aristotle-biology,aristotle-logic
aristotle-biology,aristotle-metaphysics
aristotle-biology,aristotle-causality
aristotle-biology,ancient-soul
aristotle-categories,aristotle-metaphysics
aristotle-categories,aristotle
aristotle-categories,aristotle-metaphysics
aristotle-categories,substance
aristotle-ethics,aristotle
aristotle-ethics,moral-character
aristotle-ethics,egoism
aristotle-ethics,ethics-virtue
aristotle-ethics,friendship
aristotle-ethics,plato
aristotle-ethics,pleasure
aristotle-ethics,wisdom
aristotle-logic,logic-relevance
aristotle-logic,aristotle-metaphysics
aristotle-logic,square
aristotle-logic,square
aristotle-logic,aristotle-metaphysics
aristotle-logic,aristotle-rhetoric
aristotle-logic,aristotle-metaphysics
aristotle-logic,aristotle-metaphysics
aristotle-logic,aristotle-metaphysics
aristotle-logic,aristotle-rhetoric
aristotle-logic,aristotle-mathematics
aristotle-logic,diodorus-cronus
aristotle-logic,logic-ancient
aristotle-logic,logic-relevance
aristotle-logic,square
aristotle-logic,stoicism
aristotle-metaphysics,aristotle-psychology
aristotle-metaphysics,aristotle-natphil
aristotle-metaphysics,aristotle-categories
aristotle-metaphysics,aristotle-logic
aristotle-metaphysics,aristotle-psychology
aristotle-metaphysics,aristotle-causality
aristotle-metaphysics,aristotle-natphil
aristotle-politics,aristotle-ethics
aristotle-politics,aristotle-natphil
aristotle-politics,aristotle-biology
aristotle-politics,aristotle-ethics
aristotle-politics,aristotle-natphil
aristotle-psychology,aristotle-ethics
aristotle-psychology,aristotle-ethics
aristotle-psychology,aristotle-metaphysics
aristotle-rhetoric,aristotle-logic
aristotle-rhetoric,aristotle
aristotle-rhetoric,aristotle-logic
aristotle-rhetoric,plato-rhetoric
aristotle-causality,aristotle-logic
aristotle-causality,aristotle-metaphysics
aristotle-causality,aristotle-psychology
aristotle-causality,causation-medieval
aristotle-causality,episteme-techne
aristotle-mathematics,aristotle-logic
aristotle-mathematics,aristotle-logic
aristotle-mathematics,aristotle-logic
aristotle-mathematics,aristotle
aristotle-mathematics,aristotle-logic
aristotle-natphil,aristotle-biology
aristotle-natphil,aristotle-biology
aristotle-natphil,aristotle-logic
aristotle-natphil,aristotle-metaphysics
aristotle-natphil,aristotle-psychology
aristotle-natphil,aristotle-causality
aristotle-natphil,aristotle-noncontradiction
aristotle-noncontradiction,aristotle-logic
aristotle-noncontradiction,aristotle-metaphysics
aristotle-noncontradiction,contradiction
aristotle-noncontradiction,dialetheism
aristotle-noncontradiction,essential-accidental
aristotle-noncontradiction,logic-ancient
aristotle-noncontradiction,logic-paraconsistent
aristotle-noncontradiction,metaphysics
aristotle-noncontradiction,plato-theaetetus
aristotle-noncontradiction,reference
aristotle-noncontradiction,relativism
aristotle-noncontradiction,skepticism
aristotle-noncontradiction,skepticism-ancient
arnauld,aquinas
arnauld,augustine
arnauld,descartes
arnauld,leibniz
arnauld,malebranche
arnauld,pascal
arnauld,reid
conceptual-art,aesthetic-judgment
conceptual-art,art-definition
conceptual-art,beardsley-aesthetics
conceptual-art,kant-aesthetics
conceptual-art,wittgenstein-aesthetics
art-definition,plato-rhetoric
art-definition,kant-aesthetics
art-definition,aesthetics-18th-german
art-definition,schopenhauer
art-definition,nietzsche
art-definition,dewey-aesthetics
art-definition,aesthetic-judgment
art-definition,aesthetic-judgment
art-definition,aesthetics-18th-german
art-definition,dewey-aesthetics
art-definition,kant-aesthetics
art-definition,nietzsche
art-definition,plato-rhetoric
art-definition,schopenhauer
artifact,aesthetic-judgment
logic-ai,conditionals
logic-ai,frame-problem
logic-ai,reasoning-automated
assertion,convention
assertion,davidson
assertion,defaults-semantics-pragmatics
assertion,frege
assertion,grice
assertion,peirce
assertion,pragmatics
assertion,quine
assertion,speech-acts
assertion,strawson
astell,cambridge-platonists
astell,descartes
astell,locke
astell,john-norris
astell,occasionalism
atheism-agnosticism,panpsychism
atheism-agnosticism,pantheism
atheism-agnosticism,skepticism
atomism-modern,atomism-ancient
atomism-modern,boyle
atomism-modern,change
atomism-modern,democritus
atomism-modern,descartes-physics
atomism-modern,properties-emergent
atomism-modern,essential-accidental
atomism-modern,ernst-mach
atomism-modern,scientific-explanation
atomism-modern,scientific-realism
atomism-ancient,aristotle
atomism-ancient,atomism-modern
atomism-ancient,democritus
atomism-ancient,epicurus
atomism-ancient,leucippus
atomism-ancient,lucretius
atomism-ancient,plato
atomism-ancient,pythagoras
atomism-ancient,paradox-zeno
attention,behaviorism
attention,bradley
attention,cognitive-science
attention,consciousness
attention,consciousness-intentionality
attention,freewill
attention,hermann-helmholtz
attention,james
attention,locke
attention,computational-mind
attention,ryle
augustine,illumination
augustine,medieval-philosophy
augustine,plotinus
augustine,medieval-political
augustine,skepticism-ancient
augustine,skepticism-medieval
auriol,duns-scotus
auriol,gregory-rimini
auriol,ockham
auriol,relations-medieval
austin-john,law-language
austin-john,lawphil-naturalism
austin-john,lawphil-nature
austin-john,legal-positivism
authority,aquinas
authority,autonomy-moral
authority,citizenship
authority,communitarianism
authority,constitutionalism
authority,contractarianism
authority,democracy
authority,egalitarianism
authority,equality
authority,free-rider
authority,habermas
authority,hobbes-moral
authority,hume
authority,kant-social-political
authority,legal-obligation
authority,liberalism
authority,locke-political
authority,plato-ethics-politics
authority,political-obligation
authority,rawls
authority,sovereignty
autonomy-moral,personal-autonomy
autonomy-moral,communitarianism
autonomy-moral,feminism-self
autonomy-moral,freewill
autonomy-moral,identity-politics
autonomy-moral,liberalism
autonomy-moral,paternalism
autonomy-moral,privacy
autonomy-moral,well-being
personal-autonomy,action
personal-autonomy,aristotle
personal-autonomy,authority
personal-autonomy,autonomy-moral
personal-autonomy,causation-metaphysics
personal-autonomy,compatibilism
personal-autonomy,determinism-causal
personal-autonomy,feminism-self
personal-autonomy,freewill
personal-autonomy,incompatibilism-theories
personal-autonomy,incompatibilism-arguments
personal-autonomy,kant
personal-autonomy,kant-moral
personal-autonomy,mental-causation
personal-autonomy,moral-responsibility
personal-autonomy,moral-motivation
personal-autonomy,plato-ethics-politics
personal-autonomy,practical-reason
personal-autonomy,reid
personal-autonomy,sartre
personal-autonomy,schopenhauer
personal-autonomy,sovereignty
personal-autonomy,weakness-will
ayer,truth-deflationary
ayer,atheism-agnosticism
ayer,moral-cognitivism
ayer,evidence
ayer,hume
ayer,identity-indiscernible
ayer,moral-anti-realism
ayer,sense-data
ayer,vienna-circle
francis-bacon,aristotelianism-renaissance
francis-bacon,boyle
francis-bacon,induction-problem
francis-bacon,whewell
roger-bacon,al-kindi
roger-bacon,aquinas
roger-bacon,aristotle
roger-bacon,aristotle-ethics
roger-bacon,aristotle-natphil
roger-bacon,augustine
roger-bacon,francis-bacon
roger-bacon,duhem
roger-bacon,duns-scotus
roger-bacon,giles
roger-bacon,grosseteste
roger-bacon,logic-ancient
roger-bacon,ockham
roger-bacon,properties
roger-bacon,realism
roger-bacon,richard-sophister
roger-bacon,semiotics-medieval
roger-bacon,seneca
roger-bacon,ancient-soul
roger-bacon,substance
roger-bacon,william-auvergne
basing-epistemic,epistemology
basing-epistemic,justep-foundational
basing-epistemic,justep-intext
basing-epistemic,knowledge-analysis
baudrillard,marx
baudrillard,postmodernism
bauer,ludwig-feuerbach
bauer,hegel
bauer,kant
bauer,kant-social-political
bauer,marx
bauer,max-stirner
bayes-theorem,epistemology-bayesian
bayes-theorem,probability-interpret
bayle,enlightenment
bayle,evil
bayle,skepticism
bayle,toleration
beardsley-aesthetics,art-definition
beardsley-aesthetics,intention
beardsley-aesthetics,meaning
beardsley-aesthetics,music
beardsley-aesthetics,speech-acts
beardsley-aesthetics,types-tokens
beauvoir,existentialism
beauvoir,feminism-approaches
beauvoir,femapproach-analy-cont
beauvoir,femapproach-prag-cont
beauvoir,feminism-aesthetics
beauvoir,feminism-ethics
beauvoir,feminism-femhist
beauvoir,feminism-metaphysics
beauvoir,feminism-class
beauvoir,feminist-power
beauvoir,feminism-gender
beauvoir,hegel
beauvoir,marriage
beauvoir,marx
beauvoir,merleau-ponty
beauvoir,phenomenology
beauvoir,sartre
behaviorism,cognitive-science
behaviorism,connectionism
behaviorism,qualia
belief,propositions
belief,indexicals
belief,mental-representation
belief,language-thought
belief,connectionism
belief,behaviorism
belief,functionalism
belief,physicalism
belief,davidson
belief,functionalism
belief,materialism-eliminative
belief,hume
belief,prop-attitude-reports
belief,knowledge-analysis
belief,memory
belief,delusion
belief,propositions-structured
belief,content-externalism
belief,content-narrow
belief,prop-attitude-reports
belief,behaviorism
belief,ethics-belief
belief,formal-belief
belief,cognition-animal
belief,cognitive-science
belief,compositionality
belief,connectionism
belief,consciousness
belief,consciousness-intentionality
belief,davidson
belief,delusion
belief,desire
belief,dispositions
belief,functionalism
belief,intentionality
belief,language-thought
belief,logic-belief-revision
belief,materialism-eliminative
belief,memory
belief,mental-causation
belief,content-causal
belief,content-externalism
belief,content-narrow
belief,content-nonconceptual
belief,content-teleological
belief,mental-representation
belief,computational-mind
belief,physicalism
belief,prop-attitude-reports
belief,propositions
belief,propositions-singular
belief,propositions-structured
ethics-belief,materialism-eliminative
ethics-belief,knowledge-value
ethics-belief,evidence
ethics-belief,basing-epistemic
ethics-belief,pragmatism
ethics-belief,pascal
ethics-belief,pascal-wager
ethics-belief,pragmatic-belief-god
ethics-belief,justep-foundational
ethics-belief,fideism
ethics-belief,fideism
ethics-belief,basing-epistemic
ethics-belief,evidence
ethics-belief,fideism
ethics-belief,justep-foundational
ethics-belief,knowledge-value
ethics-belief,language-thought
ethics-belief,materialism-eliminative
ethics-belief,pascal
ethics-belief,pascal-wager
ethics-belief,pragmatic-belief-god
ethics-belief,pragmatism
ethics-belief,self-deception
formal-belief,propositions-structured
formal-belief,probability-interpret
formal-belief,epistemology
formal-belief,vagueness
formal-belief,logic-epistemic
formal-belief,logic-nonmonotonic
formal-belief,epistemology
formal-belief,logic-epistemic
formal-belief,logic-nonmonotonic
formal-belief,probability-interpret
formal-belief,propositions-structured
formal-belief,vagueness
bell-theorem,qm-bohm
bell-theorem,kochen-specker
bell-theorem,qt-epr
bell-theorem,qm
bell-theorem,qm-bohm
bell-theorem,kochen-specker
bell-theorem,qt-epr
principle-beneficence,consequentialism
principle-beneficence,cosmopolitanism
principle-beneficence,justice-healthcareaccess
principle-beneficence,theory-bioethics
principle-beneficence,ethics-business
principle-beneficence,hume
principle-beneficence,kant
principle-beneficence,paternalism
principle-beneficence,publichealth-ethics
bergson,deleuze
bergson,husserl
bergson,james
bergson,life
bergson,memory
bergson,merleau-ponty
bergson,mysticism
bergson,nothingness
bergson,phenomenology
bergson,plotinus
berkeley,descartes
berkeley,hume
berkeley,locke
berkeley,malebranche
berlin,ayer
berlin,berkeley
berlin,bosanquet
berlin,bradley
berlin,categories
berlin,causation-metaphysics
berlin,collingwood
berlin,determinism-causal
berlin,dilthey
berlin,enlightenment
berlin,equality
berlin,johann-fichte
berlin,freewill
berlin,green
berlin,hamann
berlin,hegel
berlin,herder
berlin,history
berlin,hume
berlin,kant
berlin,liberalism
berlin,libertarianism
berlin,liberty-positive-negative
berlin,machiavelli
berlin,marx
berlin,mill
berlin,montesquieu
berlin,moore
berlin,nationalism
berlin,nominalism-metaphysics
berlin,universals-medieval
berlin,value-pluralism
berlin,vico
berlin,vienna-circle
berlin,weber
berlin,williams-bernard
berlin,wittgenstein
binarium,aquinas
binarium,bonaventure
binarium,duns-scotus
binarium,giles
binarium,godfrey
binarium,medieval-philosophy
biology-individual,altruism-biological
biology-individual,aristotle-biology
biology-individual,darwinism
biology-individual,biodiversity
biology-individual,evolution
biology-individual,gene
biology-individual,evolutionary-genetics
biology-individual,life
biology-individual,selection-units
biology-individual,replication
biology-individual,biology-self
biology-individual,sociobiology
biology-individual,sortals
biology-individual,species
biology-philosophy,adaptationism
biology-philosophy,altruism-biological
biology-philosophy,biology-individual
biology-philosophy,biology-philosophy
biology-philosophy,conservation-biology
biology-philosophy,creationism
biology-philosophy,darwinism
biology-philosophy,epigenesis
biology-philosophy,ecology
biology-philosophy,biodiversity
biology-philosophy,evolution
biology-philosophy,evolution-cultural
biology-philosophy,fitness
biology-philosophy,gene
biology-philosophy,evolutionary-genetics
biology-philosophy,genotype-phenotype
biology-philosophy,molecular-genetics
biology-philosophy,population-genetics
biology-philosophy,heredity
biology-philosophy,human-genome
biology-philosophy,information-biological
biology-philosophy,innate-acquired
biology-philosophy,life
biology-philosophy,molecular-biology
biology-philosophy,natural-selection
biology-philosophy,selection-units
biology-philosophy,neuroscience
biology-philosophy,evolutionary-psychology
biology-philosophy,reduction-biology
biology-philosophy,replication
biology-philosophy,biology-self
biology-philosophy,sociobiology
biology-philosophy,species
biology-philosophy,teleology-biology
bodin,aristotle
bodin,constitutionalism
bodin,history
bodin,hobbes
bodin,locke
bodin,machiavelli
bodin,montesquieu
bodin,plato
bodin,republicanism
bodin,rights
bodin,sovereignty
boethius,alexander-aphrodisias
boethius,augustine
boethius,freewill
boethius,free-will-foreknowledge
boethius,medieval-philosophy
boethius,medieval-literary
boethius,modality-medieval
boethius,medieval-syllogism
boethius,universals-medieval
bohr-correspondence,physics-interrelate
bohr-correspondence,qm-copenhagen
bohr-correspondence,qm-decoherence
bohr-correspondence,qt-epr
bohr-correspondence,qt-uncertainty
bolzano,analysis
bolzano,bolzano-logic
bolzano,frege
bolzano,husserl
bolzano,logical-consequence
bolzano,logical-truth
bolzano,model-theory
bolzano,phenomenology
bolzano,propositions
bolzano,set-theory
bolzano,settheory-early
bolzano-logic,bolzano
bolzano-logic,husserl
bolzano-logic,tarski
bonaventure,anselm
bonaventure,aristotle
bonaventure,augustine
bonaventure,illumination
bonaventure,epistemology
bonaventure,existence
bonaventure,faith
bonaventure,metaphysics
bonaventure,truth
boole,algebra
boole,algebra-logic-tradition
boole,boolalg-math
boolalg-math,algebra
boolalg-math,consequence-algebraic
boolalg-math,model-theory
boolalg-math,set-theory
bosanquet,bradley
bosanquet,liberalism
boundary,change
boundary,continuity
boundary,determinate-determinables
boundary,mereology
boundary,realism
boundary,sorites-paradox
boundary,spacetime-holearg
boundary,vagueness
boyle,cambridge-platonists
boyle,afterlife
boyle,arnauld
boyle,atheism-agnosticism
boyle,bayle
boyle,descartes
boyle,gassendi
boyle,hume
boyle,kant
boyle,laws-of-nature
boyle,leibniz
boyle,malebranche
boyle,mental-imagery
boyle,miracles
boyle,omnipotence
boyle,ontological-arguments
boyle,pascal
boyle,perception-problem
boyle,plato
boyle,providence-divine
boyle,spinoza
bradley,bosanquet
bradley,frege
bradley,green
bradley,hegel
bradley,moore
bradley,russell
bradley,truth-identity
brain-vat,descartes
brain-vat,closure-epistemic
brain-vat,content-externalism
brain-vat,skepticism
brentano,reism
brentano,brentano-judgement
brentano,brentano-judgement
brentano,consciousness-intentionality
brentano,husserl
brentano,intentionality
brentano,lvov-warsaw
brentano,marty
brentano,meinong
brentano,phenomenology
brentano,reism
brentano,stumpf
brentano-judgement,brentano
brentano-judgement,assertion
brentano-judgement,brentano
brentano-judgement,propositions
brentano-judgement,reism
brentano-judgement,square
brentano-judgement,truth-correspondence
broad,consciousness-temporal
broad,properties-emergent
broad,incompatibilism-arguments
broad,induction-problem
broad,perception-problem
broad,qualia-knowledge
broad,philosophy-religion
broad,sense-data
broad,spacetime-bebecome
broad,time
broad,value-theory
brouwer,intuitionistic-logic-development
brouwer,logic-classical
brouwer,logic-intuitionistic
brouwer,mathematics-constructive
brouwer,platonism
buber,dilthey
buber,education-philosophy
buber,nietzsche
buber,rosenzweig
buber,wilhelm-wundt
buridan,insolubles
buridan,medieval-philosophy
buridan,medieval-literary
buridan,modality-medieval
buridan,autrecourt
buridan,ockham
buridan,peter-spain
buridan,sophismata
buridan,medieval-terms
buridan,universals-medieval
burke,berkeley
burke,natural-law-ethics
burke,locke
burley,alyngton
burley,medieval-categories
burley,ockham
burley,paul-venice
burley,relations-medieval
burley,universals-medieval
burley,wyclif
byzantine-philosophy,afterlife
byzantine-philosophy,alexander-aphrodisias
byzantine-philosophy,aristotle
byzantine-philosophy,aristotle-commentators
byzantine-philosophy,aristotle-logic
byzantine-philosophy,aristotle-natphil
byzantine-philosophy,metaphysics
byzantine-philosophy,plato
byzantine-philosophy,plato-metaphysics
byzantine-philosophy,plotinus
byzantine-philosophy,porphyry
byzantine-philosophy,realism
byzantine-philosophy,universals-medieval
cambridge-platonists,conway
cambridge-platonists,henry-more
campanella,galileo
campanella,machiavelli
campanella,telesio
carneades,arcesilaus
carneades,philo-larissa
carneades,skepticism-ancient
carneades,stoicism
cassirer,einstein-philscience
cassirer,genrel-early
cassirer,kant
cassirer,natorp
cassirer,vienna-circle
categories,aristotle-metaphysics
categories,husserl
categories,ingarden
categories,kant
categories,metaphysics
categories,russell
categories,sortals
medieval-categories,analogy-medieval
medieval-categories,binarium
medieval-categories,categories
category-theory,logic-classical
category-theory,philosophy-mathematics
category-theory,set-theory
causation-backwards,causation-process
causation-backwards,spacetime-bebecome
causation-backwards,time
causation-backwards,time-travel-phys
causation-process,causation-counterfactual
causation-process,causation-probabilistic
causation-process,causation-metaphysics
causation-process,physics-Rpcc
causation-process,russell
causation-counterfactual,causation-process
causation-counterfactual,causation-probabilistic
causation-counterfactual,determinism-causal
causation-counterfactual,events
causation-counterfactual,facts
causation-counterfactual,hume
causation-counterfactual,implicature
causation-counterfactual,intrinsic-extrinsic
causation-counterfactual,probability-interpret
causation-counterfactual,rationalism-empiricism
causation-counterfactual,scientific-explanation
causation-counterfactual,time-thermo
causation-law,causation-counterfactual
causation-law,causation-probabilistic
causation-law,causation-metaphysics
causation-law,moral-responsibility
causation-law,risk
causation-mani,causation-process
causation-mani,causation-counterfactual
causation-mani,causation-probabilistic
causation-medieval,buridan
causation-medieval,duns-scotus
causation-medieval,marsilius-inghen
causation-medieval,ockham
causation-medieval,olivi
causation-medieval,nicole-oresme
causation-metaphysics,causation-mani
causation-metaphysics,causation-backwards
causation-metaphysics,causation-process
causation-metaphysics,causation-counterfactual
causation-metaphysics,causation-law
causation-metaphysics,causation-probabilistic
causation-metaphysics,decision-causal
causation-metaphysics,determinism-causal
causation-metaphysics,events
causation-metaphysics,hume
causation-metaphysics,laws-of-nature
causation-metaphysics,mental-causation
causation-metaphysics,metaphysics
causation-metaphysics,physics-Rpcc
causation-metaphysics,probability-interpret
causation-metaphysics,properties
causation-metaphysics,time
causation-metaphysics,time-travel-phys
causation-metaphysics,tropes
causation-probabilistic,causation-mani
causation-probabilistic,causation-backwards
causation-probabilistic,causation-process
causation-probabilistic,causation-counterfactual
causation-probabilistic,causation-law
causation-probabilistic,causation-metaphysics
causation-probabilistic,decision-causal
causation-probabilistic,determinism-causal
causation-probabilistic,events
causation-probabilistic,facts
causation-probabilistic,hume
causation-probabilistic,kant-hume-causality
causation-probabilistic,mill
causation-probabilistic,physics-Rpcc
causation-probabilistic,probability-interpret
causation-probabilistic,properties
causation-probabilistic,qm
causation-probabilistic,qm-action-distance
causation-probabilistic,qt-epr
causation-probabilistic,reichenbach
causation-probabilistic,scientific-explanation
causation-probabilistic,paradox-simpson
causation-probabilistic,time
margaret-cavendish,concepts-god
margaret-cavendish,hume
margaret-cavendish,naturalism
margaret-cavendish,occasionalism
margaret-cavendish,physicalism
margaret-cavendish,scientific-explanation
certainty,descartes-epistemology
certainty,epistemology
certainty,knowledge-analysis
certainty,knowledge-acquaindescrip
chance-randomness,probability-interpret
chance-randomness,bell-theorem
chance-randomness,probability-interpret
chance-randomness,determinism-causal
chance-randomness,bell-theorem
chance-randomness,chaos
chance-randomness,computability
chance-randomness,determinism-causal
chance-randomness,epistemology-bayesian
chance-randomness,david-lewis
chance-randomness,probability-interpret
chance-randomness,statphys-statmech
chance-randomness,time-thermo
change,aristotle-metaphysics
change,hegel
change,heraclitus
change,intrinsic-extrinsic
change,logic-paraconsistent
change,ernst-mach
change,mathematics-inconsistent
change,mctaggart
change,newton-philosophy
change,newton-stm
change,parmenides
change,spacetime-bebecome
change,time
change,paradox-zeno
chaos,spacetime-convensimul
chaos,vienna-circle
chaos,models-science
chaos,thomas-kuhn
chaos,scientific-realism
chaos,models-science
chaos,qm
chaos,qt-measurement
chaos,scientific-realism
chaos,scientific-explanation
chaos,determinism-causal
chaos,mind-identity
chaos,thomas-kuhn
chaos,models-science
chaos,qm
chaos,qt-measurement
chaos,scientific-realism
chaos,vienna-circle
moral-character,aristotle-ethics
moral-character,mill
moral-character,moral-psych-emp
moral-character,ethics-virtue
moral-character,aristotle-ethics
moral-character,ethics-virtue
moral-character,moral-psych-emp
walter-chatton,aquinas
walter-chatton,auriol
walter-chatton,duns-scotus
walter-chatton,free-will-foreknowledge
walter-chatton,medieval-futcont
walter-chatton,medieval-philosophy
walter-chatton,medieval-literary
walter-chatton,modality-medieval
walter-chatton,ockham
walter-chatton,relations-medieval
walter-chatton,universals-medieval
childhood,feminism-ethics
childhood,rights-children
childhood,children
childhood,innateness-language
childhood,innateness-history
childhood,parenthood
childhood,rights-children
children,childhood
chinese-room,consciousness-intentionality
chinese-room,properties-emergent
chinese-room,epiphenomenalism
chinese-room,functionalism
chinese-room,information-biological
chinese-room,content-causal
chinese-room,mental-representation
chinese-room,multiple-realizability
chinese-room,neuroscience
chinese-room,other-minds
chinese-room,thought-experiment
chinese-room,turing
chinese-room,turing-test
chisholm,brentano
chisholm,categories
chisholm,epistemology
chisholm,epistemology-naturalized
chisholm,events
chisholm,freewill
chisholm,identity-time
chisholm,identity-transworld
chisholm,intentionality
chisholm,logic-deontic
chisholm,perception-problem
chisholm,self-knowledge
chisholm,sense-data
chisholm,value-intrinsic-extrinsic
axiom-choice,epsilon-calculus
axiom-choice,goedel
axiom-choice,category-theory
axiom-choice,goedel
axiom-choice,intuitionistic-logic-development
axiom-choice,logic-intuitionistic
axiom-choice,mathematics-constructive
axiom-choice,set-theory-constructive
dynamic-choice,economics
dynamic-choice,practical-reason
dynamic-choice,value-pluralism
christiantheology-philosophy,aquinas
christiantheology-philosophy,augustine
christiantheology-philosophy,cosmological-argument
christiantheology-philosophy,descartes-ontological
christiantheology-philosophy,faith
christiantheology-philosophy,moral-arguments-god
christiantheology-philosophy,ontological-arguments
christiantheology-philosophy,teleological-arguments
church-turing,computing-history
church-turing,turing
church-turing,turing-machine
citizenship,cosmopolitanism
citizenship,democracy
citizenship,identity-politics
citizenship,liberalism
citizenship,nationalism
citizenship,republicanism
civic-education,moral-character
civic-education,citizenship
civic-education,cosmopolitanism
civic-education,democracy
civic-education,ethics-virtue
civic-education,mill
civic-education,rousseau
humanism-civic,communitarianism
humanism-civic,liberalism
humanism-civic,machiavelli
humanism-civic,republicanism
civil-disobedience,civil-rights
civil-disobedience,legal-obligation
civil-disobedience,punishment
civil-disobedience,socrates
civil-disobedience,terrorism
civil-disobedience,thoreau
civil-rights,affirmative-action
civil-rights,democracy
civil-rights,feminism-law
civil-rights,homosexuality
civil-rights,liberalism
civil-rights,political-representation
civil-rights,rights-group
civil-rights,rights-human
civil-rights,social-minimum
clarke,collins
clarke,cosmological-argument
clarke,eternity
clarke,divine-freedom
clarke,freewill
clarke,concepts-god
clarke,hobbes
clarke,hume-freewill
clarke,hume-religion
clarke,leibniz
clarke,locke
clarke,miracles
clarke,naturalism
clarke,newton
clarke,newton-philosophy
clarke,spinoza
clarke,trinity
language-india,language-india
language-india,perception-india
language-india,kumaarila
language-india,madhyamaka
perception-india,early-modern-india
perception-india,content-nonconceptual
perception-india,mental-representation
perception-india,mind-indian-buddhism
perception-india,nagarjuna
perception-india,perception-episprob
perception-india,perception-contents
cloning,feminism-family
cloning,identity-personal
cockburn,clarke
cockburn,locke
cockburn,scottish-18th
coercion,aquinas-moral-political
coercion,exploitation
coercion,hobbes-moral
coercion,legal-obligation
coercion,liberty-positive-negative
coercion,locke-political
coercion,mill-moral-political
coercion,punishment
coercion,legal-punishment
cognition-animal,consciousness-animal
cognition-animal,cognitive-science
cognition-animal,emotion
cognition-animal,other-minds
cognition-animal,moral-animal
cognition-animal,practical-reason
cognition-animal,behaviorism
cognition-animal,pragmatics
cognition-animal,folkpsych-theory
cognition-animal,folkpsych-simulation
cognition-animal,altruism-biological
cognition-animal,altruism-biological
cognition-animal,moral-animal
cognition-animal,behaviorism
cognition-animal,cognitive-science
cognition-animal,consciousness-animal
cognition-animal,emotion
cognition-animal,folkpsych-theory
cognition-animal,folkpsych-simulation
cognition-animal,moral-psych-emp
cognition-animal,other-minds
cognition-animal,physics-experiment
cognition-animal,practical-reason
cognition-animal,pragmatics
cognitive-science,behaviorism
cognitive-science,logic-ai
cognitive-science,connectionism
cognitive-science,mental-representation
cognitive-science,logic-classical
cognitive-science,language-thought
cognitive-science,connectionism
cognitive-science,mental-imagery
cognitive-science,folkpsych-theory
cognitive-science,mental-representation
cognitive-science,content-externalism
cognitive-science,mind-identity
cognitive-science,multiple-realizability
cognitive-science,materialism-eliminative
cognitive-science,freewill
cognitive-science,moral-psych-emp
cognitive-science,life-meaning
cognitive-science,emotion
cognitive-science,mental-illness
cognitive-science,computational-mind
cognitive-science,emotion
cognitive-science,consciousness-representational
cognitive-science,neuroscience
cognitive-science,scientific-explanation
cognitive-science,mind-identity
cognitive-science,behaviorism
cognitive-science,concepts
cognitive-science,connectionism
cognitive-science,consciousness
cognitive-science,emotion
cognitive-science,folkpsych-theory
cognitive-science,folkpsych-simulation
cognitive-science,mind-identity
cognitive-science,innate-acquired
cognitive-science,intentionality
cognitive-science,language-thought
cognitive-science,memory
cognitive-science,content-causal
cognitive-science,mental-imagery
cognitive-science,mental-representation
cognitive-science,computational-mind
cognitive-science,modularity-mind
cognitive-science,neuroscience
cognitive-science,prop-attitude-reports
moral-cognitivism,truth-deflationary
moral-cognitivism,moral-non-naturalism
cohen,buber
cohen,cassirer
cohen,hermann-helmholtz
cohen,kant
cohen,kant-moral
cohen,kant-spacetime
cohen,friedrich-lange
cohen,monotheism
cohen,natorp
cohen,psychologism
cohen,rosenzweig
collingwood,collingwood-aesthetics
collingwood,action
collingwood,collingwood-aesthetics
collingwood,davidson
collingwood,gadamer
collingwood,mental-causation
collingwood-aesthetics,collingwood
collingwood-aesthetics,croce-aesthetics
collingwood-aesthetics,davidson
collingwood-aesthetics,wittgenstein
collingwood-aesthetics,wittgenstein-aesthetics
collins,analogy-medieval
collins,bayle
collins,berkeley
collins,cambridge-platonists
collins,clarke
collins,consciousness
collins,determinism-causal
collins,properties-emergent
collins,freewill
collins,free-will-foreknowledge
collins,hobbes
collins,locke
collins,identity-personal
colonialism,authority
colonialism,coercion
colonialism,exploitation
colonialism,legitimacy
colonialism,liberalism
colonialism,political-representation
colonialism,secession
colonialism,sovereignty
color,concepts
color,descartes
color,locke
color,qualia
color,realism
common-knowledge,game-theory
common-knowledge,prisoner-dilemma
communitarianism,citizenship
communitarianism,liberalism
communitarianism,nationalism
comparphil-chiwes,confucius
comparphil-chiwes,mencius
comparphil-chiwes,mohism
comparphil-chiwes,taoism
comparphil-chiwes,zhuangzi
compatibilism,action
compatibilism,causation-probabilistic
compatibilism,causation-metaphysics
compatibilism,determinism-causal
compatibilism,divine-freedom
compatibilism,freewill
compatibilism,free-will-foreknowledge
compatibilism,incompatibilism-theories
compatibilism,incompatibilism-arguments
compatibilism,moral-responsibility
compositionality,language-thought
compositionality,connectionism
compositionality,prop-attitude-reports
compositionality,anaphora
compositionality,conditionals
compositionality,connectionism
compositionality,frege
compositionality,language-thought
compositionality,logical-form
compositionality,meaning
compositionality,pragmatics
compositionality,prop-attitude-reports
compositionality,reference
computability,church-turing
computability,recursive-functions
computability,goedel
computability,set-theory
computability,turing
computability,turing-machine
computation-physicalsystems,church-turing
computation-physicalsystems,computability
computation-physicalsystems,computing-history
computation-physicalsystems,recursive-functions
computation-physicalsystems,philosophy-mathematics
computation-physicalsystems,computational-mind
computation-physicalsystems,models-science
computation-physicalsystems,qt-quantcomp
computation-physicalsystems,qt-entangle
computation-physicalsystems,turing-machine
ethics-computer,privacy
ethics-computer,property
computer-science,logic-ai
computer-science,church-turing
computer-science,computability
computer-science,ethics-computer
computer-science,computational-mind
computing-history,computability
computing-history,recursive-functions
computing-history,turing
computing-history,turing-machine
comte,authority
comte,history
comte,metaphysics
comte,mill
comte,philosophy-religion
comte,scientific-knowledge-social
comte,scientific-unity
concepts,language-thought
concepts,frege
concepts,belief
concepts,frege
concepts,innateness-language
concepts,language-thought
concepts,content-nonconceptual
concepts,mental-representation
concepts,naturalism
concepts,vienna-circle
condemnation,aquinas
condemnation,boethius
condemnation,faith
condemnation,giles
condillac,berkeley
condillac,color
condillac,hermann-helmholtz
condillac,hume
condillac,locke
condillac,perception-problem
condillac,reid
conditionals,logic-classical
conditionals,logic-conditionals
conditionals,probability-interpret
histfem-condorcet,feminism-approaches
histfem-condorcet,feminism-liberal
histfem-condorcet,feminism-political
histfem-condorcet,liberalism
histfem-condorcet,montesquieu
histfem-condorcet,republicanism
histfem-condorcet,rights-human
histfem-condorcet,rousseau
histfem-condorcet,voltaire
histfem-condorcet,wollstonecraft
confucius,laozi
confucius,mencius
confucius,mohism
confucius,taoism
confucius,xunzi
confucius,zhuangzi
connectionism,language-thought
connectionism,mental-representation
connectives-logic,algebra
connectives-logic,logic-classical
connectives-logic,logic-modal
connectives-logic,logical-constants
connectives-logic,logical-form
connectives-logic,prior
conscience-medieval,aquinas
conscience-medieval,aristotle-ethics
conscience-medieval,augustine
conscience-medieval,bonaventure
conscience-medieval,duns-scotus
conscience-medieval,ockham
conscience-medieval,plato
conscience-medieval,practical-reason-med
consciousness,qualia
consciousness,universals-medieval
consciousness,qualia
consciousness,consciousness-representational
consciousness,self-knowledge
consciousness,consciousness-unity
consciousness,consciousness-intentionality
consciousness,consciousness-representational
consciousness,epiphenomenalism
consciousness,consciousness-unity
consciousness,freewill
consciousness,dualism
consciousness,panpsychism
consciousness,zombies
consciousness,qualia-knowledge
consciousness,materialism-eliminative
consciousness,functionalism
consciousness,qualia
consciousness,consciousness-higher
consciousness,consciousness-intentionality
consciousness,consciousness-higher
consciousness,consciousness-representational
consciousness,consciousness-unity
consciousness,dualism
consciousness,epiphenomenalism
consciousness,freewill
consciousness,functionalism
consciousness,materialism-eliminative
consciousness,panpsychism
consciousness,qualia
consciousness,qualia-knowledge
consciousness,qt-consciousness
consciousness,self-knowledge
consciousness,universals-medieval
consciousness,zombies
consciousness-animal,cognition-animal
consciousness-animal,consciousness-representational
consciousness-animal,epiphenomenalism
consciousness-animal,moral-animal
consciousness-animal,moral-animal
consciousness-animal,behaviorism
consciousness-animal,brentano
consciousness-animal,cognition-animal
consciousness-animal,consciousness
consciousness-animal,consciousness-intentionality
consciousness-animal,consciousness-higher
consciousness-animal,consciousness-representational
consciousness-animal,dualism
consciousness-animal,epiphenomenalism
consciousness-animal,folkpsych-theory
consciousness-animal,intentionality
consciousness-animal,other-minds
consciousness-higher,consciousness-intentionality
consciousness-higher,consciousness-animal
consciousness-higher,consciousness-representational
consciousness-intentionality,consciousness
consciousness-intentionality,consciousness-higher
consciousness-intentionality,consciousness-representational
consciousness-intentionality,consciousness-unity
consciousness-representational,consciousness-higher
consciousness-representational,qualia
consciousness-representational,consciousness
consciousness-representational,consciousness-higher
consciousness-representational,consciousness-unity
consciousness-representational,intentionality
consciousness-representational,mental-representation
consciousness-representational,qualia
consciousness-representational,qualia-inverted
consciousness-17th,arnauld
consciousness-17th,cambridge-platonists
consciousness-17th,consciousness
consciousness-17th,consciousness-animal
consciousness-17th,descartes
consciousness-17th,descartes-ideas
consciousness-17th,desgabets
consciousness-17th,hobbes
consciousness-17th,leibniz
consciousness-17th,leibniz-mind
consciousness-17th,locke
consciousness-17th,malebranche
consciousness-17th,spinoza
consciousness-temporal,bergson
consciousness-temporal,brentano
consciousness-temporal,consciousness
consciousness-temporal,consciousness-unity
consciousness-temporal,continuity
consciousness-temporal,husserl
consciousness-temporal,time-experience
consciousness-unity,descartes-works
consciousness-unity,kant-mind
consciousness-unity,leibniz-mind
consciousness-unity,hume
consciousness-unity,reid
consciousness-unity,brentano
consciousness-unity,james
consciousness-unity,intentionality
consciousness-unity,consciousness
consciousness-unity,consciousness-intentionality
consciousness-unity,dualism
consciousness-unity,kant-mind
consciousness-unity,neuroscience
consciousness-unity,neutral-monism
consciousness-unity,identity-personal
consciousness-unity,qualia
consequentialism,consequentialism-rule
consequentialism,hedonism
consequentialism,mill
consequentialism,moore
consequentialism,reasons-agent
consequentialism,sidgwick
consequentialism-rule,consequentialism
consequentialism-rule,equality
conservation-biology,biodiversity
conservation-biology,ethics-environmental
conservation-biology,computability
conservation-biology,biodiversity
conservation-biology,biodiversity
conservation-biology,evolutionary-genetics
conservation-biology,ecology
conservation-biology,ecology
conservation-biology,ethics-environmental
conservation-biology,ecology
conservation-biology,ecology
conservation-biology,computability
conservation-biology,ecology
conservation-biology,biodiversity
conservation-biology,ethics-environmental
conservation-biology,evolutionary-genetics
conservation-biology,natural-selection
constitutionalism,legal-obligation
constitutionalism,legal-reas-interpret
constitutionalism,legal-reas-prec
constructive-empiricism,belief
constructive-empiricism,fictionalism
constructive-empiricism,laws-of-nature
constructive-empiricism,models-science
constructive-empiricism,physics-experiment
constructive-empiricism,scientific-explanation
constructive-empiricism,scientific-realism
contextualism-epistemology,epistemic-paradoxes
contextualism-epistemology,epistemology
contextualism-epistemology,knowledge-analysis
contextualism-epistemology,skepticism
contextualism-epistemology,testimony-episprob
continental-rationalism,aristotle-metaphysics
continental-rationalism,arnauld
continental-rationalism,pineal-gland
continental-rationalism,descartes-epistemology
continental-rationalism,descartes-ethics
continental-rationalism,descartes-works
continental-rationalism,descartes-modal
continental-rationalism,descartes-ontological
continental-rationalism,descartes-physics
continental-rationalism,descartes-ideas
continental-rationalism,desgabets
continental-rationalism,dualism
continental-rationalism,gassendi
continental-rationalism,18thGerman-preKant
continental-rationalism,hume
continental-rationalism,kant-leibniz
continental-rationalism,leibniz
continental-rationalism,leibniz-ethics
continental-rationalism,leibniz-causation
continental-rationalism,leibniz-evil
continental-rationalism,leibniz-mind
continental-rationalism,malebranche
continental-rationalism,malebranche-ideas
continental-rationalism,monism
continental-rationalism,platonism
continental-rationalism,rationalism-empiricism
continental-rationalism,spinoza
continental-rationalism,spinoza-physics
continental-rationalism,spinoza-psychological
continental-rationalism,substance
continuity,paradox-zeno
continuity,logic-intuitionistic
continuity,category-theory
continuity,aristotle
continuity,berkeley
continuity,bolzano
continuity,brentano
continuity,brouwer
continuity,category-theory
continuity,change
continuity,cusanus
continuity,democritus
continuity,descartes
continuity,duns-scotus
continuity,epicurus
continuity,galileo
continuity,geometry-finitism
continuity,kant
continuity,leibniz
continuity,leucippus
continuity,logic-intuitionistic
continuity,mathematics-constructive
continuity,newton
continuity,ockham
continuity,peirce
continuity,paradox-zeno
contractarianism,feminism-self
contractarianism,contractarianism-contemporary
contractarianism,liberalism
contractarianism,original-position
contractarianism,contractarianism-contemporary
contractualism,action
contractualism,moral-animal
contractualism,consequentialism
contractualism,contractarianism
contractualism,impartiality
contractualism,kant-moral
contractualism,kant-social-political
contractualism,liberalism
contractualism,mill
contractualism,morality-definition
contractualism,moral-particularism
contractualism,political-obligation
contractualism,practical-reason
contractualism,practical-reason-action
contractualism,rawls
contractualism,reasons-agent
contractualism,contractarianism-contemporary
contractualism,utilitarianism-history
contradiction,aristotle-noncontradiction
contradiction,square
contradiction,square
contradiction,descriptions
contradiction,dialetheism
contradiction,logic-paraconsistent
contradiction,heraclitus
contradiction,davidson
contradiction,aristotle-logic
contradiction,aristotle-metaphysics
contradiction,aristotle-noncontradiction
contradiction,dialetheism
contradiction,fatalism
contradiction,heraclitus
contradiction,russell-paradox
contradiction,square
convention,analytic-synthetic
convention,common-knowledge
convention,analytic-synthetic
convention,aristotle-logic
convention,bayes-theorem
convention,common-knowledge
convention,frege
convention,game-theory
convention,game-evolutionary
convention,hobbes-moral
convention,hume-moral
convention,implicature
convention,david-lewis
convention,locke
convention,moral-relativism
convention,natural-law-theories
convention,relativism
convention,contractarianism-contemporary
convention,wittgenstein
conway,cambridge-platonists
conway,cambridge-platonists
conway,descartes
conway,hobbes
conway,leibniz
conway,henry-more
conway,spinoza
copernicus,aristotle
copernicus,galileo
copernicus,thomas-kuhn
cordemoy,descartes
cordemoy,desgabets
cordemoy,malebranche
corruption,ethics-virtue
corruption,integrity
corruption,moral-dilemmas
cosmological-argument,aquinas
cosmological-argument,bonaventure
cosmological-argument,leibniz
cosmological-argument,clarke
cosmological-argument,hume
cosmological-argument,kant
cosmological-argument,duns-scotus
cosmological-argument,russell
cosmological-argument,ontological-arguments
cosmological-argument,aquinas
cosmological-argument,bonaventure
cosmological-argument,clarke
cosmological-argument,duns-scotus
cosmological-argument,hume
cosmological-argument,kant
cosmological-argument,leibniz
cosmological-argument,ontological-arguments
cosmological-argument,russell
cosmology-30s,epistemology
cosmology-30s,genrel-early
cosmology-30s,induction-problem
cosmology-30s,metaphysics
cosmology-30s,popper
cosmology-30s,rationalism-empiricism
cosmology-30s,spacetime-iframes
cosmopolitanism,augustine
cosmopolitanism,citizenship
cosmopolitanism,communitarianism
cosmopolitanism,globalization
cosmopolitanism,grotius
cosmopolitanism,international-justice
cosmopolitanism,kant
cosmopolitanism,nationalism
cosmopolitanism,special-obligations
cosmopolitanism,rights-human
cosmopolitanism,socrates
cosmopolitanism,world-government
crathorn,aristotle
crathorn,atomism-ancient
crathorn,roger-bacon
crathorn,buridan
crathorn,walter-chatton
crathorn,holkot
crathorn,ockham
creation-conservation,providence-divine
creationism,cosmology-theology
creationism,darwinism
creationism,naturalism
creationism,natural-selection
creationism,religion-science
creationism,teleology-biology
criminal-law,legal-obligation
criminal-law,law-limits
criminal-law,lawphil-nature
criminal-law,natural-law-theories
critical-theory,cosmopolitanism
critical-theory,democracy
critical-theory,epistemology
critical-theory,feminism-epistemology
critical-theory,globalization
critical-theory,habermas
critical-theory,pragmatism
critical-theory,scientific-explanation
croce-aesthetics,art-definition
croce-aesthetics,collingwood-aesthetics
croce-aesthetics,hegel
croce-aesthetics,privacy
croce-aesthetics,vico
curry-paradox,russell-paradox
curry-paradox,logic-paraconsistent
curry-paradox,logic-relevance
curry-paradox,logic-manyvalued
curry-paradox,logic-paraconsistent
curry-paradox,logic-relevance
curry-paradox,logic-substructural
curry-paradox,russell-paradox
cusanus,albert-great
cusanus,scottus-eriugena
cusanus,meister-eckhart
cusanus,pseudo-dionysius-areopagite
peter-damian,anselm
peter-damian,augustine
peter-damian,boethius
peter-damian,eternity
peter-damian,medieval-futcont
peter-damian,miracles
peter-damian,modality-medieval
peter-damian,omnipotence
peter-damian,providence-divine
dante,albert-great
darwinism,adaptationism
darwinism,biology-philosophy
darwinism,creationism
darwinism,essential-accidental
darwinism,evolution
darwinism,fitness
darwinism,laws-of-nature
darwinism,natural-selection
darwinism,selection-units
darwinism,scientific-explanation
darwinism,scottish-18th
darwinism,scottish-19th
darwinism,species
darwinism,teleology-biology
darwinism,whewell
david,ammonius
david,aristotle
david,elias
david,olympiodorus
david,philoponus
david,porphyry
davidson,action
davidson,causation-metaphysics
davidson,events
davidson,knowledge-analysis
davidson,meaning
davidson,content-externalism
davidson,quine
davidson,supervenience
davidson,tarski
davidson,truth
death,epicurus
death,identity
death,well-being
death-definition,doing-allowing
death-definition,euthanasia-voluntary
death-definition,substance
death-definition,mind-identity
death-definition,functionalism
death-definition,euthanasia-voluntary
death-definition,afterlife
death-definition,consciousness
death-definition,death
death-definition,doing-allowing
death-definition,euthanasia-voluntary
death-definition,functionalism
death-definition,mind-identity
death-definition,necessary-sufficient
death-definition,identity-personal
death-definition,identity-ethics
death-definition,biology-self
death-definition,substance
death-definition,vagueness
decision-capacity,personal-autonomy
decision-capacity,emotion
decision-capacity,legal-obligation
decision-capacity,practical-reason
decision-capacity,risk
decision-causal,causation-counterfactual
decision-causal,causation-metaphysics
decision-causal,conditionals
decision-causal,game-theory
decision-causal,prisoner-dilemma
decision-causal,probability-interpret
dedekind-foundations,algebra
dedekind-foundations,frege
dedekind-foundations,hilbert-program
dedekind-foundations,philosophy-mathematics
dedekind-foundations,mathematics-explanation
dedekind-foundations,russell
dedekind-foundations,russell-paradox
dedekind-foundations,settheory-early
defaults-semantics-pragmatics,discourse-representation-theory
defaults-semantics-pragmatics,grice
defaults-semantics-pragmatics,implicature
defaults-semantics-pragmatics,logic-nonmonotonic
defaults-semantics-pragmatics,logical-form
defaults-semantics-pragmatics,meaning
defaults-semantics-pragmatics,pragmatics
defaults-semantics-pragmatics,reasoning-defeasible
defaults-semantics-pragmatics,speech-acts
definitions,analytic-synthetic
definitions,type-theory
definitions,principia-mathematica
definitions,truth-revision
definitions,analytic-synthetic
definitions,aristotle-logic
definitions,descriptions
definitions,frege-logic
definitions,logical-constants
definitions,tarski-truth
definitions,truth-revision
definitions,type-theory
deleuze,bergson
deleuze,maimon
deleuze,nietzsche
deleuze,spinoza
delmedigo,maimonides
delmedigo,pico-della-mirandola
delusion,belief
delusion,mental-illness
delusion,psychiatry
delusion,self-deception
democracy,authority
democracy,citizenship
democracy,constitutionalism
democracy,egalitarianism
democracy,equality
democracy,hobbes
democracy,justification-public
democracy,legitimacy
democracy,locke
democracy,mill
democracy,plato
democracy,political-obligation
democracy,publicity
democracy,rawls
democracy,political-representation
democracy,rights
democracy,rousseau
democritus,atomism-ancient
democritus,epicurus
democritus,leucippus
democritus,lucretius
democritus,parmenides
democritus,zeno-elea
democritus,paradox-zeno
demonstration-medieval,albert-great
demonstration-medieval,aquinas
demonstration-medieval,aristotle-logic
demonstration-medieval,boethius
demonstration-medieval,burley
demonstration-medieval,duns-scotus
demonstration-medieval,giles
demonstration-medieval,grosseteste
demonstration-medieval,medieval-philosophy
demonstration-medieval,ockham
demonstration-medieval,medieval-syllogism
dependence-ontological,categories
dependence-ontological,identity
dependence-ontological,substance
derrida,deleuze
derrida,foucault
derrida,husserl
derrida,levinas
derrida,phenomenology
derrida,postmodernism
derrida,ricoeur
descartes,arnauld
descartes,cordemoy
descartes,pineal-gland
descartes,descartes-epistemology
descartes,descartes-ethics
descartes,descartes-works
descartes,descartes-modal
descartes,descartes-ontological
descartes,descartes-physics
descartes,descartes-ideas
descartes,emotions-17th18th
descartes,gassendi
descartes,legrand
descartes,henry-more
descartes,henricus-regius
descartes-epistemology,apriori
descartes-epistemology,certainty
descartes-epistemology,descartes
descartes-epistemology,descartes-modal
descartes-epistemology,descartes-ideas
descartes-epistemology,gassendi
descartes-epistemology,innateness-history
descartes-epistemology,justep-foundational
descartes-epistemology,knowledge-analysis
descartes-epistemology,moral-particularism
descartes-epistemology,original-position
descartes-epistemology,perception-episprob
descartes-epistemology,rationalism-empiricism
descartes-epistemology,realism
descartes-epistemology,reasoning-defeasible
descartes-epistemology,sense-data
descartes-epistemology,skepticism
descartes-epistemology,truth
descartes-ethics,descartes
descartes-ethics,descartes-works
descartes-ethics,epicurus
descartes-ethics,ethics-ancient
descartes-ethics,ethics-virtue
descartes-ethics,stoicism
descartes-works,arnauld
descartes-works,descartes-epistemology
descartes-works,descartes-modal
descartes-works,descartes-ontological
descartes-works,descartes-ideas
descartes-works,desgabets
descartes-modal,actualism
descartes-modal,descartes-epistemology
descartes-modal,descartes-ontological
descartes-modal,gassendi
descartes-modal,leibniz-modal
descartes-modal,modality-medieval
descartes-modal,possible-objects
descartes-ontological,anselm
descartes-ontological,aquinas
descartes-ontological,descartes-epistemology
descartes-ontological,descartes-works
descartes-ontological,existence
descartes-ontological,kant
descartes-ontological,ontological-arguments
descartes-ontological,russell
descartes-physics,descartes-epistemology
descartes-physics,descartes-works
descartes-physics,galileo
descartes-physics,gassendi
descartes-physics,newton-stm
descartes-physics,spacetime-theories
pineal-gland,descartes
pineal-gland,dualism
pineal-gland,emotion
pineal-gland,mind-identity
pineal-gland,memory
pineal-gland,perception-problem
pineal-gland,substance
descartes-ideas,representation-medieval
descartes-ideas,aristotle-psychology
descartes-ideas,universals-medieval
descartes-ideas,properties
descartes-ideas,aristotle-psychology
descartes-ideas,descartes-epistemology
descartes-ideas,descartes-modal
descartes-ideas,properties
descartes-ideas,universals-medieval
descriptions,russell
descriptions,prop-attitude-reports
descriptions,properties
descriptions,prior
descriptions,frege
descriptions,descartes-epistemology
descriptions,anaphora
descriptions,logical-construction
descriptions,logical-form
descriptions,names
descriptions,nonexistent-objects
descriptions,reference
descriptions,rigid-designators
descriptions,russell
desert,justice-distributive
desert,justice-bad-luck
desert,moral-responsibility
desert,repugnant-conclusion
desert,value-intrinsic-extrinsic
desgabets,descartes
desgabets,malebranche
desire,action
desire,belief
desire,emotion
desire,moral-motivation
desire,pleasure
desire,preferences
desire,reasons-agent
desire,reasons-internal-external
desire,reasons-just-vs-expl
desire,well-being
determinate-determinables,induction-problem
determinate-determinables,prior
determinate-determinables,properties
determinate-determinables,vagueness
determinism-causal,popper
determinism-causal,freewill
determinism-causal,incompatibilism-theories
determinism-causal,russell
determinism-causal,laws-of-nature
determinism-causal,qm-bohm
determinism-causal,qm-bohm
determinism-causal,spacetime-supertasks
determinism-causal,spacetime-holearg
determinism-causal,qm
determinism-causal,qt-measurement
determinism-causal,qm-bohm
determinism-causal,probability-interpret
determinism-causal,compatibilism
determinism-causal,time-thermo
determinism-causal,compatibilism
determinism-causal,freewill
determinism-causal,hume
determinism-causal,incompatibilism-theories
determinism-causal,laws-of-nature
determinism-causal,popper
determinism-causal,probability-interpret
determinism-causal,qm
determinism-causal,qm-bohm
determinism-causal,russell
determinism-causal,spacetime-supertasks
determinism-causal,spacetime-holearg
determinism-causal,time-thermo
epigenesis,aristotle-biology
epigenesis,evolution
epigenesis,gene
epigenesis,life
epigenesis,biology-self
dewey-aesthetics,croce-aesthetics
dewey-aesthetics,democracy
dewey-aesthetics,meaning
dewey-aesthetics,music
dewey-aesthetics,pragmatism
dewey-aesthetics,substance
dewey-moral,dewey-political
dewey-moral,pragmatism
dewey-political,democracy
dewey-political,liberalism
dewey-political,pragmatism
diagrams,frege
diagrams,cognitive-science
diagrams,frege-logic
diagrams,mental-imagery
diagrams,peirce-logic
dialectical-school,conditionals
dialectical-school,dialectical-school
dialectical-school,diodorus-cronus
dialectical-school,doxography-ancient
dialectical-school,fatalism
dialectical-school,logic-ancient
dialectical-school,logic-modal
dialectical-school,logic-temporal
dialectical-school,prior
dialectical-school,stoicism
dialetheism,logic-paraconsistent
dialetheism,aristotle-metaphysics
dialetheism,aristotle-noncontradiction
dialetheism,contradiction
dialetheism,hegel
dialetheism,logic-paraconsistent
dialetheism,paradoxes-contemporary-logic
dialetheism,russell-paradox
dietrich-freiberg,albert-great
dietrich-freiberg,augustine
dietrich-freiberg,binarium
dietrich-freiberg,illumination
dietrich-freiberg,medieval-philosophy
dietrich-freiberg,meister-eckhart
dietrich-freiberg,pseudo-dionysius-areopagite
dilthey,gadamer
dilthey,hegel
dilthey,hermeneutics
dilthey,history
dilthey,kant
dilthey,schleiermacher
diodorus-cronus,fatalism
diodorus-cronus,dialectical-school
diodorus-cronus,dialectical-school
diodorus-cronus,stoicism
diodorus-cronus,epicurus
diodorus-cronus,conditionals
diodorus-cronus,dialectical-school
diodorus-cronus,diodorus-cronus
diodorus-cronus,logic-ancient
diodorus-cronus,socrates
diodorus-cronus,sorites-paradox
diodorus-cronus,zeno-elea
dirty-hands,consequentialism
dirty-hands,machiavelli
dirty-hands,perfectionism-moral
dirty-hands,realism-intl-relations
dirty-hands,terrorism
dirty-hands,war
dirty-hands,weber
discourse-representation-theory,anaphora
discourse-representation-theory,descriptions
discourse-representation-theory,indexicals
discourse-representation-theory,situations-semantics
disjunction,connectives-logic
dispositions,conditionals
dispositions,intrinsic-extrinsic
dispositions,laws-of-nature
dispositions,mental-causation
dispositions,properties
illumination,aquinas
illumination,augustine
illumination,duns-scotus
illumination,mulla-sadra
illumination,olivi
illumination,suhrawardi
