name,label,type
18thGerman-preKant,18thGerman-preKant,0
abduction,abduction,0
abelard,abelard,1
abhidharma,abhidharma,1
abilities,abilities,0
abner-burgos,abner-burgos,1
abrabanel,abrabanel,1
abraham-daud,abraham-daud,1
abstract-objects,abstract-objects,0
action,action,0
action-perception,action-perception,0
actualism,actualism,0
adaptationism,adaptationism,0
addams-jane,addams-jane,1
adorno,adorno,1
advance-directives,advance-directives,0
aesthetic-concept,aesthetic-concept,0
aesthetic-judgment,aesthetic-judgment,0
aesthetics-18th-british,aesthetics-18th-british,0
aesthetics-18th-french,aesthetics-18th-french,0
aesthetics-18th-german,aesthetics-18th-german,0
aesthetics-19th-romantic,aesthetics-19th-romantic,0
aesthetics-existentialist,aesthetics-existentialist,0
aesthetics-of-everyday,aesthetics-of-everyday,0
affirmative-action,affirmative-action,0
africana,africana,0
african-ethics,african-ethics,0
african-sage,african-sage,0
afterlife,afterlife,0
agency,agency,0
agrippa-nettesheim,agrippa-nettesheim,0
akan-person,akan-person,0
alain-locke,alain-locke,0
al-baghdadi,al-baghdadi,1
albert-great,albert-great,1
albert-saxony,albert-saxony,1
albo-joseph,albo-joseph,1
alcmaeon,alcmaeon,1
alexander,alexander,1
alexander-aphrodisias,alexander-aphrodisias,1
alexander-crummell,alexander-crummell,1
al-farabi,al-farabi,1
al-farabi-psych,al-farabi-psych,0
al-farabi-soc-rel,al-farabi-soc-rel,0
algebra,algebra,0
algebra-logic-tradition,algebra-logic-tradition,0
al-ghazali,al-ghazali,1
alienation,alienation,0
al-kindi,al-kindi,1
althusser,althusser,1
altruism,altruism,0
altruism-biological,altruism-biological,0
alyngton,alyngton,1
ambiguity,ambiguity,0
ammonius,ammonius,1
analogy-medieval,analogy-medieval,0
analysis,analysis,0
analytic-synthetic,analytic-synthetic,0
anaphora,anaphora,0
anarchism,anarchism,0
anaxagoras,anaxagoras,1
ancient-political,ancient-political,0
ancient-soul,ancient-soul,0
anderson-john,anderson-john,1
animalism,animalism,0
anna-julia-cooper,anna-julia-cooper,1
anomalous-monism,anomalous-monism,0
anscombe,anscombe,1
anselm,anselm,1
antiochus-ascalon,antiochus-ascalon,1
antonio-rosmini,antonio-rosmini,0
apriori,apriori,0
aquinas,aquinas,1
aquinas-moral-political,aquinas-moral-political,0
arabic-islamic-causation,arabic-islamic-causation,0
arabic-islamic-greek,arabic-islamic-greek,0
arabic-islamic-influence,arabic-islamic-influence,0
arabic-islamic-judaic,arabic-islamic-judaic,0
arabic-islamic-language,arabic-islamic-language,0
arabic-islamic-metaphysics,arabic-islamic-metaphysics,0
arabic-islamic-mind,arabic-islamic-mind,0
arabic-islamic-mysticism,arabic-islamic-mysticism,0
arabic-islamic-natural,arabic-islamic-natural,0
arcesilaus,arcesilaus,1
architecture,architecture,0
archytas,archytas,1
arendt,arendt,1
aristotelianism-renaissance,aristotelianism-renaissance,0
aristotle,aristotle,1
aristotle-biology,aristotle-biology,0
aristotle-categories,aristotle-categories,0
aristotle-causality,aristotle-causality,0
aristotle-commentators,aristotle-commentators,0
aristotle-ethics,aristotle-ethics,0
aristotle-logic,aristotle-logic,0
aristotle-mathematics,aristotle-mathematics,0
aristotle-metaphysics,aristotle-metaphysics,0
aristotle-natphil,aristotle-natphil,0
aristotle-noncontradiction,aristotle-noncontradiction,0
aristotle-politics,aristotle-politics,0
aristotle-psychology,aristotle-psychology,0
aristotle-rhetoric,aristotle-rhetoric,0
arnauld,arnauld,1
arrows-theorem,arrows-theorem,0
art-definition,art-definition,0
artifact,artifact,0
artificial-intelligence,artificial-intelligence,0
art-ontology-history,art-ontology-history,0
assertion,assertion,0
associationist-thought,associationist-thought,0
astell,astell,1
atheism-agnosticism,atheism-agnosticism,0
atomism-ancient,atomism-ancient,0
atomism-modern,atomism-modern,0
attention,attention,0
augustine,augustine,1
august-rehberg,august-rehberg,0
auriol,auriol,1
austin-jl,austin-jl,1
austin-john,austin-john,1
authenticity,authenticity,0
authority,authority,0
autonomy-moral,autonomy-moral,0
autrecourt,autrecourt,1
axiom-choice,axiom-choice,0
ayer,ayer,1
ayn-rand,ayn-rand,1
basing-epistemic,basing-epistemic,0
baudrillard,baudrillard,1
bauer,bauer,1
bayes-theorem,bayes-theorem,0
bayle,bayle,1
beardsley-aesthetics,beardsley-aesthetics,0
beauty,beauty,0
beauvoir,beauvoir,1
behaviorism,behaviorism,0
belief,belief,0
belief-merging,belief-merging,0
bell-theorem,bell-theorem,0
benjamin,benjamin,1
bentham,bentham,1
bergson,bergson,1
berkeley,berkeley,1
berlin,berlin,1
bessarion,bessarion,1
binarium,binarium,0
biodiversity,biodiversity,0
biology-developmental,biology-developmental,0
biology-experiment,biology-experiment,0
biology-individual,biology-individual,0
biology-philosophy,biology-philosophy,0
black-reparations,black-reparations,0
blame,blame,0
bodily-awareness,bodily-awareness,0
bodin,bodin,1
boethius,boethius,1
bohr-correspondence,bohr-correspondence,0
bolzano,bolzano,1
bolzano-logic,bolzano-logic,0
bonaventure,bonaventure,1
boolalg-math,boolalg-math,0
boole,boole,1
bosanquet,bosanquet,1
boundary,boundary,0
boyle,boyle,1
bradley,bradley,1
bradley-moral-political,bradley-moral-political,0
bradley-regress,bradley-regress,0
brentano,brentano,1
brentano-judgement,brentano-judgement,0
broad,broad,1
brouwer,brouwer,1
bruno,bruno,1
buber,buber,1
buddha,buddha,1
buddhism-chan,buddhism-chan,0
buddhism-tiantai,buddhism-tiantai,0
buridan,buridan,1
burke,burke,1
burley,burley,1
butler-moral,butler-moral,0
byzantine-philosophy,byzantine-philosophy,0
callicles-thrasymachus,callicles-thrasymachus,0
cambridge-platonists,cambridge-platonists,0
campanella,campanella,1
camus,camus,1
capability-approach,capability-approach,0
cardano,cardano,1
carneades,carneades,1
cassirer,cassirer,1
categories,categories,0
category-theory,category-theory,0
catharine-macaulay,catharine-macaulay,1
causal-models,causal-models,0
causation-backwards,causation-backwards,0
causation-counterfactual,causation-counterfactual,0
causation-law,causation-law,0
causation-mani,causation-mani,0
causation-medieval,causation-medieval,0
causation-metaphysics,causation-metaphysics,0
causation-probabilistic,causation-probabilistic,0
cellular-automata,cellular-automata,0
certainty,certainty,0
ceteris-paribus,ceteris-paribus,0
chance-randomness,chance-randomness,0
change,change,0
chaos,chaos,0
chemistry,chemistry,0
childhood,childhood,0
children,children,0
chimeras,chimeras,0
chinese-epistemology,chinese-epistemology,0
chinese-legalism,chinese-legalism,0
chinese-logic-language,chinese-logic-language,0
chinese-metaphysics,chinese-metaphysics,0
chinese-phil-medicine,chinese-phil-medicine,0
chinese-phil-science,chinese-phil-science,0
chinese-room,chinese-room,0
chinese-social-political,chinese-social-political,0
chinese-translate-interpret,chinese-translate-interpret,0
chisholm,chisholm,1
christiantheology-philosophy,christiantheology-philosophy,0
church-turing,church-turing,0
citizenship,citizenship,0
civic-education,civic-education,0
civil-disobedience,civil-disobedience,0
civil-rights,civil-rights,0
clarke,clarke,1
climate-science,climate-science,0
clinical-research,clinical-research,0
cloning,cloning,0
closure-epistemic,closure-epistemic,0
cockburn,cockburn,1
coercion,coercion,0
cognition-animal,cognition-animal,0
cognitive-disability,cognitive-disability,0
cognitive-science,cognitive-science,0
cohen,cohen,1
collective-intentionality,collective-intentionality,0
collective-responsibility,collective-responsibility,0
collingwood,collingwood,1
collingwood-aesthetics,collingwood-aesthetics,0
collins,collins,1
colonialism,colonialism,0
color,color,0
common-good,common-good,0
common-knowledge,common-knowledge,0
communitarianism,communitarianism,0
comparphil-chiwes,comparphil-chiwes,0
compatibilism,compatibilism,0
compositionality,compositionality,0
computability,computability,0
computational-complexity,computational-complexity,0
computational-linguistics,computational-linguistics,0
computational-mind,computational-mind,0
computation-physicalsystems,computation-physicalsystems,0
computer-science,computer-science,0
computing-history,computing-history,0
computing-responsibility,computing-responsibility,0
comte,comte,1
concept-emotion-india,concept-emotion-india,0
concept-evil,concept-evil,0
concepts,concepts,0
concepts-god,concepts-god,0
conceptual-art,conceptual-art,0
condemnation,condemnation,0
condillac,condillac,1
conditionals,conditionals,0
confirmation,confirmation,0
confucius,confucius,1
connectionism,connectionism,0
connectives-logic,connectives-logic,0
conscience,conscience,0
conscience-medieval,conscience-medieval,0
consciousness,consciousness,0
consciousness-17th,consciousness-17th,0
consciousness-animal,consciousness-animal,0
consciousness-higher,consciousness-higher,0
consciousness-intentionality,consciousness-intentionality,0
consciousness-representational,consciousness-representational,0
consciousness-temporal,consciousness-temporal,0
consciousness-unity,consciousness-unity,0
consequence-medieval,consequence-medieval,0
consequentialism,consequentialism,0
consequentialism-rule,consequentialism-rule,0
conservation-biology,conservation-biology,0
conservatism,conservatism,0
constitutionalism,constitutionalism,0
constructive-empiricism,constructive-empiricism,0
constructivism-metaethics,constructivism-metaethics,0
content-causal,content-causal,0
content-externalism,content-externalism,0
content-narrow,content-narrow,0
content-nonconceptual,content-nonconceptual,0
content-teleological,content-teleological,0
contextualism-epistemology,contextualism-epistemology,0
continental-rationalism,continental-rationalism,0
continuity,continuity,0
continuum-hypothesis,continuum-hypothesis,0
contractarianism,contractarianism,0
contractarianism-contemporary,contractarianism-contemporary,0
contracts-theories,contracts-theories,0
contractualism,contractualism,0
contradiction,contradiction,0
convention,convention,0
conway,conway,1
copernicus,copernicus,1
cordemoy,cordemoy,1
corruption,corruption,0
cosmological-argument,cosmological-argument,0
cosmology,cosmology,0
cosmology-30s,cosmology-30s,0
cosmology-theology,cosmology-theology,0
cosmopolitanism,cosmopolitanism,0
crathorn,crathorn,1
creation-conservation,creation-conservation,0
creationism,creationism,0
crescas,crescas,1
criminal-law,criminal-law,0
critical-theory,critical-theory,0
critical-thinking,critical-thinking,0
croce-aesthetics,croce-aesthetics,0
culture-cogsci,culture-cogsci,0
curry-paradox,curry-paradox,0
cusanus,cusanus,1
dance,dance,0
dante,dante,1
daoism,daoism,0
daoism-religion,daoism-religion,0
darwinism,darwinism,0
david,david,1
david-lewis,david-lewis,1
davidson,davidson,1
death,death,0
death-definition,death-definition,0
decision-capacity,decision-capacity,0
decision-causal,decision-causal,0
decision-theory,decision-theory,0
decision-theory-descriptive,decision-theory-descriptive,0
dedekind-foundations,dedekind-foundations,0
defaults-semantics-pragmatics,defaults-semantics-pragmatics,0
definitions,definitions,0
deleuze,deleuze,1
della-porta,della-porta,1
delmedigo,delmedigo,1
delusion,delusion,0
democracy,democracy,0
democritus,democritus,1
demonstration-medieval,demonstration-medieval,0
dependence-ontological,dependence-ontological,0
depiction,depiction,0
derrida,derrida,1
descartes,descartes,1
descartes-epistemology,descartes-epistemology,0
descartes-ethics,descartes-ethics,0
descartes-ideas,descartes-ideas,0
descartes-mathematics,descartes-mathematics,0
descartes-modal,descartes-modal,0
descartes-ontological,descartes-ontological,0
descartes-physics,descartes-physics,0
descartes-works,descartes-works,0
descriptions,descriptions,0
desert,desert,0
desgabets,desgabets,1
desire,desire,0
determinate-determinables,determinate-determinables,0
determinism-causal,determinism-causal,0
dewey-aesthetics,dewey-aesthetics,0
dewey-moral,dewey-moral,0
dewey-political,dewey-political,0
dharmakiirti,dharmakiirti,1
diagrams,diagrams,0
dialectical-school,dialectical-school,0
dialetheism,dialetheism,0
dietrich-freiberg,dietrich-freiberg,1
digital-art,digital-art,0
dilthey,dilthey,1
diodorus-cronus,diodorus-cronus,1
dirty-hands,dirty-hands,0
disability,disability,0
disability-care-rationing,disability-care-rationing,0
disability-health,disability-health,0
disability-justice,disability-justice,0
disagreement,disagreement,0
discourse-representation-theory,discourse-representation-theory,0
discrimination,discrimination,0
disjunction,disjunction,0
dispositions,dispositions,0
divine-freedom,divine-freedom,0
divine-hiddenness,divine-hiddenness,0
divine-simplicity,divine-simplicity,0
doing-allowing,doing-allowing,0
double-consciousness,double-consciousness,0
double-effect,double-effect,0
doxography-ancient,doxography-ancient,0
dreams-dreaming,dreams-dreaming,0
dualism,dualism,0
dubois,dubois,1
duhem,duhem,1
duns-scotus,duns-scotus,1
dutch-book,dutch-book,0
dynamic-choice,dynamic-choice,0
dynamic-epistemic,dynamic-epistemic,0
dynamic-semantics,dynamic-semantics,0
early-modern-india,early-modern-india,0
ecology,ecology,0
economic-justice,economic-justice,0
economics,economics,0
education-philosophy,education-philosophy,0
edwards,edwards,1
egalitarianism,egalitarianism,0
egoism,egoism,0
ehrenfels,ehrenfels,1
einstein-philscience,einstein-philscience,0
elias,elias,1
elisabeth-bohemia,elisabeth-bohemia,1
embodied-cognition,embodied-cognition,0
emerson,emerson,1
emilie-du-chatelet,emilie-du-chatelet,1
emily-elizabeth-constance-jones,emily-elizabeth-constance-jones,1
emotion,emotion,0
emotion-Christian-tradition,emotion-Christian-tradition,0
emotions-17th18th,emotions-17th18th,0
empathy,empathy,0
empedocles,empedocles,1
empiricism-ancient-medieval,empiricism-ancient-medieval,0
enhancement,enhancement,0
enlightenment,enlightenment,0
environmental-aesthetics,environmental-aesthetics,0
envy,envy,0
epictetus,epictetus,1
epicurus,epicurus,1
epigenesis,epigenesis,0
epiphenomenalism,epiphenomenalism,0
episteme-techne,episteme-techne,0
epistemic-game,epistemic-game,0
epistemic-paradoxes,epistemic-paradoxes,0
epistemic-self-doubt,epistemic-self-doubt,0
epistemic-utility,epistemic-utility,0
epistemology,epistemology,0
epistemology-bayesian,epistemology-bayesian,0
epistemology-evolutionary,epistemology-evolutionary,0
epistemology-geometry,epistemology-geometry,0
epistemology-india,epistemology-india,0
epistemology-language-tibetan,epistemology-language-tibetan,0
epistemology-latin-america,epistemology-latin-america,0
epistemology-naturalized,epistemology-naturalized,0
epistemology-social,epistemology-social,0
epistemology-virtue,epistemology-virtue,0
epistemology-visual-thinking,epistemology-visual-thinking,0
epsilon-calculus,epsilon-calculus,0
equal-ed-opportunity,equal-ed-opportunity,0
equality,equality,0
equal-opportunity,equal-opportunity,0
equivME,equivME,0
erasmus,erasmus,1
erfurt,erfurt,1
ergodic-hierarchy,ergodic-hierarchy,0
ernst-mach,ernst-mach,1
erotic-art,erotic-art,0
essential-accidental,essential-accidental,0
eternity,eternity,0
ethics-ancient,ethics-ancient,0
ethics-belief,ethics-belief,0
ethics-business,ethics-business,0
ethics-chinese,ethics-chinese,0
ethics-computer,ethics-computer,0
ethics-cultural-heritage,ethics-cultural-heritage,0
ethics-deontological,ethics-deontological,0
ethics-environmental,ethics-environmental,0
ethics-indian-buddhism,ethics-indian-buddhism,0
ethics-internet-research,ethics-internet-research,0
ethics-it-phenomenology,ethics-it-phenomenology,0
ethics-manipulation,ethics-manipulation,0
ethics-pregnancy,ethics-pregnancy,0
ethics-search,ethics-search,0
ethics-social-networking,ethics-social-networking,0
ethics-virtue,ethics-virtue,0
eugenics,eugenics,0
euthanasia-voluntary,euthanasia-voluntary,0
events,events,0
evidence,evidence,0
evidence-legal,evidence-legal,0
evil,evil,0
evolution,evolution,0
evolutionary-genetics,evolutionary-genetics,0
evolutionary-psychology,evolutionary-psychology,0
evolution-cultural,evolution-cultural,0
evolution-to-1872,evolution-to-1872,0
existence,existence,0
existentialism,existentialism,0
experimental-moral,experimental-moral,0
experimental-philosophy,experimental-philosophy,0
exploitation,exploitation,0
facts,facts,0
faith,faith,0
falaquera,falaquera,1
fallacies,fallacies,0
fatalism,fatalism,0
federalism,federalism,0
feigl,feigl,1
femapproach-analy-cont,femapproach-analy-cont,0
femapproach-analytic,femapproach-analytic,0
femapproach-continental,femapproach-continental,0
femapproach-prag-cont,femapproach-prag-cont,0
femapproach-pragmatism,femapproach-pragmatism,0
feminism-aesthetics,feminism-aesthetics,0
feminism-autonomy,feminism-autonomy,0
feminism-class,feminism-class,0
feminism-disability,feminism-disability,0
feminism-environmental,feminism-environmental,0
feminism-epistemology,feminism-epistemology,0
feminism-ethics,feminism-ethics,0
feminism-family,feminism-family,0
feminism-femhist,feminism-femhist,0
feminism-gender,feminism-gender,0
feminism-globalization,feminism-globalization,0
feminism-language,feminism-language,0
feminism-law,feminism-law,0
feminism-liberal,feminism-liberal,0
feminism-metaphysics,feminism-metaphysics,0
feminism-moralpsych,feminism-moralpsych,0
feminism-objectification,feminism-objectification,0
feminism-political,feminism-political,0
feminism-psychoanalysis,feminism-psychoanalysis,0
feminism-rape,feminism-rape,0
feminism-self,feminism-self,0
feminism-trans,feminism-trans,0
feminist-bioethics,feminist-bioethics,0
feminist-body,feminist-body,0
feminist-philosophy,feminist-philosophy,0
feminist-philosophy-biology,feminist-philosophy-biology,0
feminist-power,feminist-power,0
feminist-religion,feminist-religion,0
feminist-science,feminist-science,0
feminist-sex-markets,feminist-sex-markets,0
feminist-social-epistemology,feminist-social-epistemology,0
feyerabend,feyerabend,1
ficino,ficino,1
fiction,fiction,0
fictionalism,fictionalism,0
fictionalism-mathematics,fictionalism-mathematics,0
fictionalism-modal,fictionalism-modal,0
fideism,fideism,0
film,film,0
fine-tuning,fine-tuning,0
fitch-paradox,fitch-paradox,0
fitness,fitness,0
fitting-attitude-theories,fitting-attitude-theories,0
fitzralph,fitzralph,1
fleck,fleck,1
folkpsych-simulation,folkpsych-simulation,0
folkpsych-theory,folkpsych-theory,0
forgiveness,forgiveness,0
formal-belief,formal-belief,0
formal-epistemology,formal-epistemology,0
formalism-mathematics,formalism-mathematics,0
form-matter,form-matter,0
foucault,foucault,1
frame-problem,frame-problem,0
francis-bacon,francis-bacon,1
francis-marchia,francis-marchia,1
francois-barre,francois-barre,1
frederick-douglass,frederick-douglass,1
freedom-speech,freedom-speech,0
free-rider,free-rider,0
freewill,freewill,0
free-will-foreknowledge,free-will-foreknowledge,0
frege,frege,1
frege-hilbert,frege-hilbert,0
frege-theorem,frege-theorem,0
friedrich-hayek,friedrich-hayek,1
friedrich-jacobi,friedrich-jacobi,1
friedrich-lange,friedrich-lange,1
friendship,friendship,0
functionalism,functionalism,0
fundamentality,fundamentality,0
future-contingents,future-contingents,0
gadamer,gadamer,1
gadamer-aesthetics,gadamer-aesthetics,0
galen,galen,1
galileo,galileo,1
game-ethics,game-ethics,0
game-evolutionary,game-evolutionary,0
games-abstraction,games-abstraction,0
gametes-donation-sale,gametes-donation-sale,0
game-theory,game-theory,0
gassendi,gassendi,1
gasset,gasset,1
gelukpa,gelukpa,1
gene,gene,0
generalized-quantifiers,generalized-quantifiers,0
generics,generics,0
genetic-drift,genetic-drift,0
genomics,genomics,0
genotype-phenotype,genotype-phenotype,0
genrel-early,genrel-early,0
geometry-19th,geometry-19th,0
geometry-finitism,geometry-finitism,0
gersonides,gersonides,0
giles,giles,1
global-democracy,global-democracy,0
globalization,globalization,0
godfrey,godfrey,1
god-necessary-being,god-necessary-being,0
godwin,godwin,1
goedel,goedel,1
goedel-incompleteness,goedel-incompleteness,0
goodman,goodman,1
goodman-aesthetics,goodman-aesthetics,0
gorampa,gorampa,1
gratitude,gratitude,0
green,green,1
gregory-rimini,gregory-rimini,1
grice,grice,1
grosseteste,grosseteste,1
grotius,grotius,1
grounding,grounding,0
grounds-moral-status,grounds-moral-status,0
habermas,habermas,1
haecceitism,haecceitism,0
halevi,halevi,1
hamann,hamann,1
happiness,happiness,0
hare,hare,1
harriet-mill,harriet-mill,1
hartley,hartley,1
hartshorne,hartshorne,1
health-disease,health-disease,0
heaven-hell,heaven-hell,0
hedonism,hedonism,0
hegel,hegel,1
hegel-aesthetics,hegel-aesthetics,0
hegel-dialectics,hegel-dialectics,0
heidegger,heidegger,1
heidegger-aesthetics,heidegger-aesthetics,0
heinrich-rickert,heinrich-rickert,1
hempel,hempel,1
henricus-regius,henricus-regius,1
henry-ghent,henry-ghent,1
henry-more,henry-more,1
heraclitus,heraclitus,1
herder,herder,1
heredity,heredity,0
hermann-helmholtz,hermann-helmholtz,1
hermann-lotze,hermann-lotze,1
hermeneutics,hermeneutics,0
heytesbury,heytesbury,1
hilbert-program,hilbert-program,0
histfem-condorcet,histfem-condorcet,0
history,history,0
hobbes,hobbes,1
hobbes-moral,hobbes-moral,0
holbach,holbach,1
holes,holes,0
holism-social,holism-social,0
holkot,holkot,1
homosexuality,homosexuality,0
hope,hope,0
horkheimer,horkheimer,1
human-genome,human-genome,0
humanism-civic,humanism-civic,0
hume,hume,1
hume-aesthetics,hume-aesthetics,0
hume-freewill,hume-freewill,0
hume-moral,hume-moral,0
hume-newton,hume-newton,0
hume-religion,hume-religion,0
humor,humor,0
husserl,husserl,1
ibn-arabi,ibn-arabi,1
ibn-bajja,ibn-bajja,1
ibn-ezra,ibn-ezra,1
ibn-gabirol,ibn-gabirol,1
ibn-kammuna,ibn-kammuna,1
ibn-rushd-natural,ibn-rushd-natural,1
ibn-sina,ibn-sina,1
ibn-sina-logic,ibn-sina-logic,0
ibn-sina-metaphysics,ibn-sina-metaphysics,0
ibn-sina-natural,ibn-sina-natural,0
idealism,idealism,0
identity,identity,0
identity-ethics,identity-ethics,0
identity-indiscernible,identity-indiscernible,0
identity-personal,identity-personal,0
identity-politics,identity-politics,0
identity-relative,identity-relative,0
identity-time,identity-time,0
identity-transworld,identity-transworld,0
idiolects,idiolects,0
ikhwan-al-safa,ikhwan-al-safa,1
illumination,illumination,0
imagination,imagination,0
immigration,immigration,0
immunology,immunology,0
immutability,immutability,0
impartiality,impartiality,0
implicature,implicature,0
implicature-optimality-games,implicature-optimality-games,0
implicit-bias,implicit-bias,0
impossible-worlds,impossible-worlds,0
imprecise-probabilities,imprecise-probabilities,0
incommensurability,incommensurability,0
incompatibilism-arguments,incompatibilism-arguments,0
incompatibilism-theories,incompatibilism-theories,0
independence-large-cardinals,independence-large-cardinals,0
indexicals,indexicals,0
induction-problem,induction-problem,0
infinite-regress,infinite-regress,0
information,information,0
information-biological,information-biological,0
information-entropy,information-entropy,0
information-semantic,information-semantic,0
informed-consent,informed-consent,0
ingarden,ingarden,1
inheritance-systems,inheritance-systems,0
innate-acquired,innate-acquired,0
innateness-cognition,innateness-cognition,0
innateness-history,innateness-history,0
innateness-language,innateness-language,0
insolubles,insolubles,0
integrity,integrity,0
intellectual-property,intellectual-property,0
intensional-trans-verbs,intensional-trans-verbs,0
intention,intention,0
intentionality,intentionality,0
intentionality-ancient,intentionality-ancient,0
international-justice,international-justice,0
intrinsic-extrinsic,intrinsic-extrinsic,0
introspection,introspection,0
intuition,intuition,0
intuitionism,intuitionism,0
intuitionism-ethics,intuitionism-ethics,0
intuitionistic-logic-development,intuitionistic-logic-development,0
israeli,israeli,1
it-moral-values,it-moral-values,0
it-privacy,it-privacy,0
james,james,1
james-mill,james-mill,1
james-viterbo,james-viterbo,1
james-ward,james-ward,1
japanese-aesthetics,japanese-aesthetics,0
japanese-confucian,japanese-confucian,0
japanese-pure-land,japanese-pure-land,0
japanese-zen,japanese-zen,0
jaspers,jaspers,1
jayaraasi,jayaraasi,1
jefferson,jefferson,1
joane-petrizi,joane-petrizi,1
johann-fichte,johann-fichte,1
johann-herbart,johann-herbart,1
john-norris,john-norris,1
john-salisbury,john-salisbury,1
justep-coherence,justep-coherence,0
justep-foundational,justep-foundational,0
justep-intext,justep-intext,0
justice,justice,0
justice-bad-luck,justice-bad-luck,0
justice-distributive,justice-distributive,0
justice-global,justice-global,0
justice-healthcareaccess,justice-healthcareaccess,0
justice-inequality-health,justice-inequality-health,0
justice-intergenerational,justice-intergenerational,0
justice-moral-psych,justice-moral-psych,0
justice-retributive,justice-retributive,0
justice-transitional,justice-transitional,0
justice-virtue,justice-virtue,0
justification-public,justification-public,0
justus-lipsius,justus-lipsius,1
kant,kant,1
kant-aesthetics,kant-aesthetics,0
kant-development,kant-development,0
kant-hume-causality,kant-hume-causality,0
kant-hume-morality,kant-hume-morality,0
kant-judgment,kant-judgment,0
kant-leibniz,kant-leibniz,0
kant-mathematics,kant-mathematics,0
kant-metaphysics,kant-metaphysics,0
kant-mind,kant-mind,0
kant-moral,kant-moral,0
kant-reason,kant-reason,0
kant-religion,kant-religion,0
kant-science,kant-science,0
kant-social-political,kant-social-political,0
kant-spacetime,kant-spacetime,0
kant-transcendental,kant-transcendental,0
kant-transcendental-idealism,kant-transcendental-idealism,0
karl-reinhold,karl-reinhold,1
kaspi-joseph,kaspi-joseph,1
kepler,kepler,1
kierkegaard,kierkegaard,1
kilvington,kilvington,1
knowledge-acquaindescrip,knowledge-acquaindescrip,0
knowledge-analysis,knowledge-analysis,0
knowledge-how,knowledge-how,0
knowledge-value,knowledge-value,0
kochen-specker,kochen-specker,0
kokugaku-school,kokugaku-school,0
kukai,kukai,1
kumaarila,kumaarila,1
kyoto-school,kyoto-school,0
lacan,lacan,1
lady-masham,lady-masham,1
la-forge,la-forge,1
lakatos,lakatos,1
lambda-calculus,lambda-calculus,0
language-india,language-india,0
language-thought,language-thought,0
laozi,laozi,1
large-cardinals-determinacy,large-cardinals-determinacy,0
latin-american-metaphilosophy,latin-american-metaphilosophy,0
latin-american-philosophy,latin-american-philosophy,0
law-ideology,law-ideology,0
law-interpretivist,law-interpretivist,0
law-language,law-language,0
law-limits,law-limits,0
lawphil-naturalism,lawphil-naturalism,0
lawphil-nature,lawphil-nature,0
lawphil-theory,lawphil-theory,0
laws-of-nature,laws-of-nature,0
learning-formal,learning-formal,0
lefevre-etaples,lefevre-etaples,1
legal-econanalysis,legal-econanalysis,0
legal-obligation,legal-obligation,0
legal-positivism,legal-positivism,0
legal-punishment,legal-punishment,0
legal-reas-interpret,legal-reas-interpret,0
legal-reas-prec,legal-reas-prec,0
legal-rights,legal-rights,0
legitimacy,legitimacy,0
legrand,legrand,1
leibniz,leibniz,1
leibniz-causation,leibniz-causation,0
leibniz-ethics,leibniz-ethics,0
leibniz-evil,leibniz-evil,0
leibniz-exoteric,leibniz-exoteric,0
leibniz-logic-influence,leibniz-logic-influence,0
leibniz-mind,leibniz-mind,0
leibniz-modal,leibniz-modal,0
leibniz-physics,leibniz-physics,0
leibowitz-yeshayahu,leibowitz-yeshayahu,1
lesniewski,lesniewski,1
leucippus,leucippus,1
levels-org-biology,levels-org-biology,0
levinas,levinas,1
lewis-ci,lewis-ci,1
lewis-metaphysics,lewis-metaphysics,0
liar-paradox,liar-paradox,0
liberalism,liberalism,0
liberalism-latin-america,liberalism-latin-america,0
liberation,liberation,0
libertarianism,libertarianism,0
liberty-positive-negative,liberty-positive-negative,0
life,life,0
life-meaning,life-meaning,0
linguistics,linguistics,0
literal-nonliteral-india,literal-nonliteral-india,0
llull,llull,1
location-mereology,location-mereology,0
locke,locke,1
locke-freedom,locke-freedom,0
locke-moral,locke-moral,0
locke-philosophy-science,locke-philosophy-science,0
locke-political,locke-political,0
logic-action,logic-action,0
logic-ai,logic-ai,0
logical-atomism,logical-atomism,0
logical-consequence,logical-consequence,0
logical-constants,logical-constants,0
logical-construction,logical-construction,0
logical-empiricism,logical-empiricism,0
logical-form,logical-form,0
logic-algebraic-propositional,logic-algebraic-propositional,0
logical-pluralism,logical-pluralism,0
logical-truth,logical-truth,0
logic-ancient,logic-ancient,0
logic-belief-revision,logic-belief-revision,0
logic-classical,logic-classical,0
logic-combinatory,logic-combinatory,0
logic-combining,logic-combining,0
logic-conditionals,logic-conditionals,0
logic-connexive,logic-connexive,0
logic-deontic,logic-deontic,0
logic-dependence,logic-dependence,0
logic-dialogical,logic-dialogical,0
logic-dynamic,logic-dynamic,0
logic-epistemic,logic-epistemic,0
logic-free,logic-free,0
logic-fuzzy,logic-fuzzy,0
logic-games,logic-games,0
logic-higher-order,logic-higher-order,0
logic-hybrid,logic-hybrid,0
logic-if,logic-if,0
logic-india,logic-india,0
logic-inductive,logic-inductive,0
logic-infinitary,logic-infinitary,0
logic-informal,logic-informal,0
logic-information,logic-information,0
logic-intensional,logic-intensional,0
logic-intuitionistic,logic-intuitionistic,0
logicism,logicism,0
logic-justification,logic-justification,0
logic-linear,logic-linear,0
logic-manyvalued,logic-manyvalued,0
logic-massexpress,logic-massexpress,0
logic-modal,logic-modal,0
logic-modal-origins,logic-modal-origins,0
logic-nonmonotonic,logic-nonmonotonic,0
logic-normative,logic-normative,0
logic-ontology,logic-ontology,0
logic-paraconsistent,logic-paraconsistent,0
logic-power-games,logic-power-games,0
logic-probability,logic-probability,0
logic-provability,logic-provability,0
logic-relevance,logic-relevance,0
logic-substructural,logic-substructural,0
logic-temporal,logic-temporal,0
lorenzo-valla,lorenzo-valla,1
love,love,0
loyalty,loyalty,0
lucretius,lucretius,1
lucrezia-marinella,lucrezia-marinella,1
ludwig-feuerbach,ludwig-feuerbach,1
lukacs,lukacs,1
lukasiewicz,lukasiewicz,1
lvov-warsaw,lvov-warsaw,1
lying-definition,lying-definition,0
machiavelli,machiavelli,1
madeleine-scudery,madeleine-scudery,1
madhyamaka,madhyamaka,1
maimon,maimon,1
maimonides,maimonides,1
maimonides-islamic,maimonides-islamic,0
malebranche,malebranche,1
malebranche-ideas,malebranche-ideas,0
mally,mally,1
mally-deontic,mally-deontic,0
marcel,marcel,1
marcus-aurelius,marcus-aurelius,1
marcuse,marcuse,1
margaret-cavendish,margaret-cavendish,1
margaret-fell,margaret-fell,1
maritain,maritain,1
markets,markets,0
marriage,marriage,0
marsilius-inghen,marsilius-inghen,1
marty,marty,1
marx,marx,1
mary-shepherd,mary-shepherd,1
material-constitution,material-constitution,0
materialism-eliminative,materialism-eliminative,0
mathematical-style,mathematical-style,0
mathematics-constructive,mathematics-constructive,0
mathematics-explanation,mathematics-explanation,0
mathematics-inconsistent,mathematics-inconsistent,0
mathematics-nondeductive,mathematics-nondeductive,0
mathphil-indis,mathphil-indis,0
max-stirner,max-stirner,1
mctaggart,mctaggart,1
mead,mead,1
meaning,meaning,0
meaning-holism,meaning-holism,0
meaning-normativity,meaning-normativity,0
measurement-science,measurement-science,0
medicine,medicine,0
medieval-categories,medieval-categories,0
medieval-emotions,medieval-emotions,0
medieval-futcont,medieval-futcont,0
medieval-haecceity,medieval-haecceity,0
medieval-literary,medieval-literary,0
medieval-philosophy,medieval-philosophy,0
medieval-political,medieval-political,0
medieval-syllogism,medieval-syllogism,0
medieval-terms,medieval-terms,0
meinong,meinong,1
meister-eckhart,meister-eckhart,1
memory,memory,0
memory-episprob,memory-episprob,0
mencius,mencius,1
mendelssohn,mendelssohn,1
mental-causation,mental-causation,0
mental-illness,mental-illness,0
mental-imagery,mental-imagery,0
mental-representation,mental-representation,0
mereology,mereology,0
mereology-medieval,mereology-medieval,0
merleau-ponty,merleau-ponty,1
mersenne,mersenne,0
metaethics,metaethics,0
metaphor,metaphor,0
metaphysics,metaphysics,0
metaphysics-massexpress,metaphysics-massexpress,0
methodological-individualism,methodological-individualism,0
michel-henry,michel-henry,1
mill,mill,1
mill-moral-political,mill-moral-political,0
mind-identity,mind-identity,0
mind-indian-buddhism,mind-indian-buddhism,0
miracles,miracles,0
modality-epistemology,modality-epistemology,0
modality-medieval,modality-medieval,0
modality-varieties,modality-varieties,0
models-science,models-science,0
model-theory,model-theory,0
modeltheory-fo,modeltheory-fo,0
modularity-mind,modularity-mind,0
mohism,mohism,0
mohist-canons,mohist-canons,0
molecular-biology,molecular-biology,0
molecular-genetics,molecular-genetics,0
molyneux-problem,molyneux-problem,0
monism,monism,0
monotheism,monotheism,0
montague-semantics,montague-semantics,0
montaigne,montaigne,1
montesquieu,montesquieu,1
moore,moore,1
moore-moral,moore-moral,0
moral-animal,moral-animal,0
moral-anti-realism,moral-anti-realism,0
moral-arguments-god,moral-arguments-god,0
moral-character,moral-character,0
moral-character-empirical,moral-character-empirical,0
moral-cognitivism,moral-cognitivism,0
moral-dilemmas,moral-dilemmas,0
moral-epistemology,moral-epistemology,0
moral-epistemology-a-priori,moral-epistemology-a-priori,0
morality-biology,morality-biology,0
morality-definition,morality-definition,0
moral-luck,moral-luck,0
moral-motivation,moral-motivation,0
moral-non-naturalism,moral-non-naturalism,0
moral-particularism,moral-particularism,0
moral-particularism-generalism,moral-particularism-generalism,0
moral-psych-emp,moral-psych-emp,0
moral-realism,moral-realism,0
moral-relativism,moral-relativism,0
moral-responsibility,moral-responsibility,0
moral-responsibility-epistemic,moral-responsibility-epistemic,0
moral-sentimentalism,moral-sentimentalism,0
mulla-sadra,mulla-sadra,1
multiculturalism,multiculturalism,0
multiple-realizability,multiple-realizability,0
music,music,0
mysticism,mysticism,0
nagarjuna,nagarjuna,1
names,names,0
nationalism,nationalism,0
natorp,natorp,1
natphil-ren,natphil-ren,0
naturalism,naturalism,0
naturalism-india,naturalism-india,0
naturalism-mathematics,naturalism-mathematics,0
naturalism-moral,naturalism-moral,0
natural-kinds,natural-kinds,0
natural-law-ethics,natural-law-ethics,0
natural-law-theories,natural-law-theories,0
natural-selection,natural-selection,0
natural-theology,natural-theology,0
necessary-sufficient,necessary-sufficient,0
negation,negation,0
negritude,negritude,0
neo-daoism,neo-daoism,0
neo-kantianism,neo-kantianism,0
neoplatonism,neoplatonism,0
neurath,neurath,1
neuroethics,neuroethics,0
neuroscience,neuroscience,0
neutral-monism,neutral-monism,0
newton,newton,0
newton-philosophy,newton-philosophy,0
newton-principia,newton-principia,0
newton-stm,newton-stm,0
nicolai-hartmann,nicolai-hartmann,1
nicole-oresme,nicole-oresme,1
nietzsche,nietzsche,1
nietzsche-life-works,nietzsche-life-works,0
nietzsche-moral-political,nietzsche-moral-political,0
nishida-kitaro,nishida-kitaro,1
nominalism-mathematics,nominalism-mathematics,0
nominalism-metaphysics,nominalism-metaphysics,0
nonexistent-objects,nonexistent-objects,0
nonidentity-problem,nonidentity-problem,0
nonwellfounded-set-theory,nonwellfounded-set-theory,0
nothingness,nothingness,0
novalis,novalis,1
nozick-political,nozick-political,0
numenius,numenius,1
oakeshott,oakeshott,1
object,object,0
obligationes,obligationes,0
occasionalism,occasionalism,0
ockham,ockham,1
olivi,olivi,1
olympiodorus,olympiodorus,1
omnipotence,omnipotence,0
omnipresence,omnipresence,0
omniscience,omniscience,0
ontological-arguments,ontological-arguments,0
ontological-commitment,ontological-commitment,0
operationalism,operationalism,0
ordinary-objects,ordinary-objects,0
organ-donation,organ-donation,0
organs-sale,organs-sale,0
origen,origen,1
original-position,original-position,0
other-minds,other-minds,0
pacifism,pacifism,0
pain,pain,0
paine,paine,1
panentheism,panentheism,0
panpsychism,panpsychism,0
pantheism,pantheism,0
paradoxes-contemporary-logic,paradoxes-contemporary-logic,0
paradox-simpson,paradox-simpson,0
paradox-skolem,paradox-skolem,0
paradox-suspense,paradox-suspense,0
paradox-zeno,paradox-zeno,0
parenthood,parenthood,0
parmenides,parmenides,0
pascal,pascal,1
pascal-wager,pascal-wager,0
paternalism,paternalism,0
patriotism,patriotism,0
patrizi,patrizi,1
paul-venice,paul-venice,1
peirce,peirce,1
peirce-benjamin,peirce-benjamin,1
peirce-logic,peirce-logic,0
peirce-semiotics,peirce-semiotics,0
penbygull,penbygull,1
perception-auditory,perception-auditory,0
perception-contents,perception-contents,0
perception-disjunctive,perception-disjunctive,0
perception-episprob,perception-episprob,0
perception-india,perception-india,0
perception-justification,perception-justification,0
perception-problem,perception-problem,0
perceptual-learning,perceptual-learning,0
perfect-goodness,perfect-goodness,0
perfectionism-moral,perfectionism-moral,0
personal-autonomy,personal-autonomy,0
personalism,personalism,0
personal-relationship-goods,personal-relationship-goods,0
peter-damian,peter-damian,1
peter-spain,peter-spain,1
petitionary-prayer,petitionary-prayer,0
phenomenal-intentionality,phenomenal-intentionality,0
phenomenology,phenomenology,0
phenomenology-mg,phenomenology-mg,0
phenomenology-religion,phenomenology-religion,0
philip-chancellor,philip-chancellor,1
philippa-foot,philippa-foot,1
philo,philo,1
philodemus,philodemus,1
philo-larissa,philo-larissa,1
philolaus,philolaus,1
philoponus,philoponus,1
philosophy-chile,philosophy-chile,0
philosophy-mathematics,philosophy-mathematics,0
philosophy-mexico,philosophy-mexico,0
philosophy-religion,philosophy-religion,0
phil-science-latin-america,phil-science-latin-america,0
physicalism,physicalism,0
physics-experiment,physics-experiment,0
physics-holism,physics-holism,0
physics-interrelate,physics-interrelate,0
physics-Rpcc,physics-Rpcc,0
physics-structuralism,physics-structuralism,0
pico-della-mirandola,pico-della-mirandola,1
pineal-gland,pineal-gland,0
plato,plato,1
plato-aesthetics,plato-aesthetics,0
plato-cratylus,plato-cratylus,0
plato-ethics,plato-ethics,0
plato-ethics-politics,plato-ethics-politics,0
plato-ethics-shorter,plato-ethics-shorter,0
plato-friendship,plato-friendship,0
plato-metaphysics,plato-metaphysics,0
plato-myths,plato-myths,0
platonism,platonism,0
platonism-mathematics,platonism-mathematics,0
plato-parmenides,plato-parmenides,0
plato-rhetoric,plato-rhetoric,0
plato-sophstate,plato-sophstate,0
plato-theaetetus,plato-theaetetus,0
plato-timaeus,plato-timaeus,0
plato-utopia,plato-utopia,0
pleasure,pleasure,0
plotinus,plotinus,1
plural-quant,plural-quant,0
plutarch,plutarch,1
pm-notation,pm-notation,0
poincare,poincare,1
political-obligation,political-obligation,0
political-representation,political-representation,0
polqar,polqar,1
pomponazzi,pomponazzi,1
popper,popper,1
population-genetics,population-genetics,0
pornography-censorship,pornography-censorship,0
porphyry,porphyry,1
port-royal-logic,port-royal-logic,0
possible-objects,possible-objects,0
possible-worlds,possible-worlds,0
postmodernism,postmodernism,0
practical-reason,practical-reason,0
practical-reason-action,practical-reason-action,0
practical-reason-med,practical-reason-med,0
pragmatic-belief-god,pragmatic-belief-god,0
pragmatics,pragmatics,0
pragmatism,pragmatism,0
prediction-accommodation,prediction-accommodation,0
preferences,preferences,0
presentism,presentism,0
presocratics,presocratics,0
presupposition,presupposition,0
prichard,prichard,1
principia-mathematica,principia-mathematica,0
principle-beneficence,principle-beneficence,0
prior,prior,1
prisoner-dilemma,prisoner-dilemma,0
privacy,privacy,0
privacy-medicine,privacy-medicine,0
private-language,private-language,0
probability-interpret,probability-interpret,0
probability-medieval-renaissance,probability-medieval-renaissance,0
problem-of-many,problem-of-many,0
process-philosophy,process-philosophy,0
process-theism,process-theism,0
proclus,proclus,1
progress,progress,0
promises,promises,0
proof-theoretic-semantics,proof-theoretic-semantics,0
proof-theory,proof-theory,0
proof-theory-development,proof-theory-development,0
prop-attitude-reports,prop-attitude-reports,0
properties,properties,0
properties-emergent,properties-emergent,0
property,property,0
prophecy,prophecy,0
propositional-function,propositional-function,0
propositions,propositions,0
propositions-singular,propositions-singular,0
propositions-structured,propositions-structured,0
providence-divine,providence-divine,0
pseudo-dionysius-areopagite,pseudo-dionysius-areopagite,1
pseudo-science,pseudo-science,0
psychiatry,psychiatry,0
psychologism,psychologism,0
publichealth-ethics,publichealth-ethics,0
publicity,publicity,0
public-reason,public-reason,0
pufendorf-moral,pufendorf-moral,0
punishment,punishment,0
pyrrho,pyrrho,1
pythagoras,pythagoras,1
pythagoreanism,pythagoreanism,0
qm,qm,0
qm-action-distance,qm-action-distance,0
qm-bohm,qm-bohm,0
qm-collapse,qm-collapse,0
qm-consistent-histories,qm-consistent-histories,0
qm-copenhagen,qm-copenhagen,0
qm-decoherence,qm-decoherence,0
qm-everett,qm-everett,0
qm-manyworlds,qm-manyworlds,0
qm-modal,qm-modal,0
qm-relational,qm-relational,0
qt-consciousness,qt-consciousness,0
qt-entangle,qt-entangle,0
qt-epr,qt-epr,0
qt-idind,qt-idind,0
qt-issues,qt-issues,0
qt-nvd,qt-nvd,0
qt-quantcomp,qt-quantcomp,0
qt-quantlog,qt-quantlog,0
qt-uncertainty,qt-uncertainty,0
qualia,qualia,0
qualia-inverted,qualia-inverted,0
qualia-knowledge,qualia-knowledge,0
quantification,quantification,0
quantum-bayesian,quantum-bayesian,0
quantum-field-theory,quantum-field-theory,0
quantum-gravity,quantum-gravity,0
questions,questions,0
quine,quine,1
quine-nf,quine-nf,0
quotation,quotation,0
race,race,0
radulphus-brito,radulphus-brito,1
ramus,ramus,1
rationalism-empiricism,rationalism-empiricism,0
rationality-historicist,rationality-historicist,0
rationality-instrumental,rationality-instrumental,0
rationality-normative-utility,rationality-normative-utility,0
rawls,rawls,1
real-essence,real-essence,0
realism,realism,0
realism-intl-relations,realism-intl-relations,0
realism-sem-challenge,realism-sem-challenge,0
realism-theory-change,realism-theory-change,0
reasoning-analogy,reasoning-analogy,0
reasoning-automated,reasoning-automated,0
reasoning-defeasible,reasoning-defeasible,0
reasoning-moral,reasoning-moral,0
reasons-agent,reasons-agent,0
reasons-internal-external,reasons-internal-external,0
reasons-just-vs-expl,reasons-just-vs-expl,0
recognition,recognition,0
reconciliation,reconciliation,0
recursive-functions,recursive-functions,0
redistribution,redistribution,0
reduction-biology,reduction-biology,0
reference,reference,0
reflective-equilibrium,reflective-equilibrium,0
reichenbach,reichenbach,0
reid,reid,1
reid-ethics,reid-ethics,0
reid-memory-identity,reid-memory-identity,0
reinach,reinach,1
reism,reism,0
relations,relations,0
relations-medieval,relations-medieval,0
relativism,relativism,0
reliabilism,reliabilism,0
religion-epistemology,religion-epistemology,0
religion-morality,religion-morality,0
religion-politics,religion-politics,0
religion-science,religion-science,0
religious-experience,religious-experience,0
religious-language,religious-language,0
religious-pluralism,religious-pluralism,0
replication,replication,0
representation-medieval,representation-medieval,0
republicanism,republicanism,0
repugnant-conclusion,repugnant-conclusion,0
respect,respect,0
revolution,revolution,0
richard-sophister,richard-sophister,1
ricoeur,ricoeur,1
rights,rights,0
rights-children,rights-children,0
rights-group,rights-group,0
rights-human,rights-human,0
rigid-designators,rigid-designators,0
risk,risk,0
robert-kilwardby,robert-kilwardby,1
roger-bacon,roger-bacon,1
rorty,rorty,1
rosenstock-huessy,rosenstock-huessy,1
rosenzweig,rosenzweig,1
rousseau,rousseau,1
royce,royce,1
rule-of-law,rule-of-law,0
russell,russell,1
russell-moral,russell-moral,0
russell-paradox,russell-paradox,0
ryle,ryle,1
saadya,saadya,1
saantarak-sita,saantarak-sita,1
sakya-pandita,sakya-pandita,1
santayana,santayana,1
sartre,sartre,1
scheler,scheler,1
schelling,schelling,1
schema,schema,0
schiller,schiller,1
schlegel,schlegel,1
schlegel-aw,schlegel-aw,0
schleiermacher,schleiermacher,1
schlick,schlick,1
schmitt,schmitt,1
scholem,scholem,1
scholz,scholz,1
school-names,school-names,0
schopenhauer,schopenhauer,1
schopenhauer-aesthetics,schopenhauer-aesthetics,0
schutz,schutz,1
science-mechanisms,science-mechanisms,0
science-theory-observation,science-theory-observation,0
scientific-discovery,scientific-discovery,0
scientific-explanation,scientific-explanation,0
scientific-knowledge-social,scientific-knowledge-social,0
scientific-method,scientific-method,0
scientific-objectivity,scientific-objectivity,0
scientific-progress,scientific-progress,0
scientific-realism,scientific-realism,0
scientific-reduction,scientific-reduction,0
scientific-representation,scientific-representation,0
scientific-revolutions,scientific-revolutions,0
scientific-underdetermination,scientific-underdetermination,0
scientific-unity,scientific-unity,0
scottish-18th,scottish-18th,0
scottish-19th,scottish-19th,0
scottus-eriugena,scottus-eriugena,0
secession,secession,0
selection-units,selection-units,0
self-consciousness,self-consciousness,0
self-consciousness-phenomenological,self-consciousness-phenomenological,0
self-deception,self-deception,0
self-knowledge,self-knowledge,0
self-knowledge-externalism,self-knowledge-externalism,0
self-reference,self-reference,0
sellars,sellars,1
semiotics-medieval,semiotics-medieval,0
seneca,seneca,1
sense-data,sense-data,0
set-theory,set-theory,0
settheory-alternative,settheory-alternative,0
set-theory-constructive,set-theory-constructive,0
settheory-early,settheory-early,0
sex-sexuality,sex-sexuality,0
sextus-empiricus,sextus-empiricus,1
shaftesbury,shaftesbury,1
shantideva,shantideva,1
shared-agency,shared-agency,0
sharpe,sharpe,1
sidgwick,sidgwick,1
sidney-hook,sidney-hook,1
simone-weil,simone-weil,1
simon-faversham,simon-faversham,1
simplicity,simplicity,0
simulations-science,simulations-science,0
singular-terms-medieval,singular-terms-medieval,0
situations-semantics,situations-semantics,0
skeptical-theism,skeptical-theism,0
skepticism,skepticism,0
skepticism-ancient,skepticism-ancient,0
skepticism-content-externalism,skepticism-content-externalism,0
skepticism-latin-america,skepticism-latin-america,0
skepticism-medieval,skepticism-medieval,0
skepticism-moral,skepticism-moral,0
skepticism-moral-responsibility,skepticism-moral-responsibility,0
smith-moral-political,smith-moral-political,0
social-choice,social-choice,0
social-construction-naturalistic,social-construction-naturalistic,0
social-institutions,social-institutions,0
social-minimum,social-minimum,0
social-norms,social-norms,0
social-ontology,social-ontology,0
social-procedures,social-procedures,0
sociobiology,sociobiology,0
socrates,socrates,1
sophismata,sophismata,0
sophists,sophists,0
sorites-paradox,sorites-paradox,0
sortals,sortals,0
sounds,sounds,0
sovereignty,sovereignty,0
spacetime-bebecome,spacetime-bebecome,0
spacetime-convensimul,spacetime-convensimul,0
spacetime-holearg,spacetime-holearg,0
spacetime-iframes,spacetime-iframes,0
spacetime-singularities,spacetime-singularities,0
spacetime-supertasks,spacetime-supertasks,0
spacetime-theories,spacetime-theories,0
special-obligations,special-obligations,0
species,species,0
speech-acts,speech-acts,0
spencer,spencer,1
speusippus,speusippus,1
spinoza,spinoza,1
spinoza-attributes,spinoza-attributes,0
spinoza-modal,spinoza-modal,0
spinoza-physics,spinoza-physics,0
spinoza-political,spinoza-political,0
spinoza-psychological,spinoza-psychological,0
square,square,0
sriharsa,sriharsa,1
states-of-affairs,states-of-affairs,0
statistics,statistics,0
statphys-Boltzmann,statphys-Boltzmann,0
statphys-statmech,statphys-statmech,0
stebbing,stebbing,1
stem-cells,stem-cells,0
stevenson,stevenson,1
stoicism,stoicism,0
strauss-leo,strauss-leo,1
strawson,strawson,1
structural-realism,structural-realism,0
structure-scientific-theories,structure-scientific-theories,0
stumpf,stumpf,1
suarez,suarez,1
substance,substance,0
sufficient-reason,sufficient-reason,0
suhrawardi,suhrawardi,1
suicide,suicide,0
supererogation,supererogation,0
supervenience,supervenience,0
supervenience-ethics,supervenience-ethics,0
symmetry-breaking,symmetry-breaking,0
syrianus,syrianus,1
systems-synthetic-biology,systems-synthetic-biology,0
tarski,tarski,1
tarski-truth,tarski-truth,0
taurellus,taurellus,1
technology,technology,0
teleological-arguments,teleological-arguments,0
teleology-biology,teleology-biology,0
telesio,telesio,1
temporal-parts,temporal-parts,0
tense-aspect,tense-aspect,0
terrorism,terrorism,0
testimony-episprob,testimony-episprob,0
theology-aristotle,theology-aristotle,0
theophrastus,theophrastus,1
theoretical-terms-science,theoretical-terms-science,0
theory-bioethics,theory-bioethics,0
thick-ethical-concepts,thick-ethical-concepts,0
thomas-kuhn,thomas-kuhn,1
thomas-more,thomas-more,1
thoreau,thoreau,1
thought-experiment,thought-experiment,0
tibbon,tibbon,1
time,time,0
time-experience,time-experience,0
time-machine,time-machine,0
time-thermo,time-thermo,0
time-travel,time-travel,0
time-travel-phys,time-travel-phys,0
timon-phlius,timon-phlius,1
toleration,toleration,0
tort-theories,tort-theories,0
torture,torture,0
touch,touch,0
transcendental-arguments,transcendental-arguments,0
transcendentalism,transcendentalism,0
transcendentals-medieval,transcendentals-medieval,0
transmission-justification-warrant,transmission-justification-warrant,0
trinity,trinity,0
tropes,tropes,0
trust,trust,0
truth,truth,0
truth-axiomatic,truth-axiomatic,0
truth-coherence,truth-coherence,0
truth-correspondence,truth-correspondence,0
truth-deflationary,truth-deflationary,0
truth-identity,truth-identity,0
truthlikeness,truthlikeness,0
truthmakers,truthmakers,0
truth-pluralist,truth-pluralist,0
truth-revision,truth-revision,0
truth-values,truth-values,0
tsongkhapa,tsongkhapa,1
turing,turing,1
turing-machine,turing-machine,0
turing-test,turing-test,0
twardowski,twardowski,1
two-dimensional-semantics,two-dimensional-semantics,0
twotruths-india,twotruths-india,0
twotruths-tibet,twotruths-tibet,0
typelogical-grammar,typelogical-grammar,0
types-tokens,types-tokens,0
type-theory,type-theory,0
type-theory-church,type-theory-church,0
type-theory-intuitionistic,type-theory-intuitionistic,0
umar-khayyam,umar-khayyam,1
universals-medieval,universals-medieval,0
utilitarianism-history,utilitarianism-history,0
vagueness,vagueness,0
value-incommensurable,value-incommensurable,0
value-intrinsic-extrinsic,value-intrinsic-extrinsic,0
value-pluralism,value-pluralism,0
value-theory,value-theory,0
vasubandhu,vasubandhu,1
vegetarianism,vegetarianism,0
vico,vico,1
vienna-circle,vienna-circle,0
vives,vives,1
voltaire,voltaire,1
voluntarism-theological,voluntarism-theological,0
voting,voting,0
voting-methods,voting-methods,0
walter-chatton,walter-chatton,1
wang-yangming,wang-yangming,1
war,war,0
watsuji-tetsuro,watsuji-tetsuro,1
weakness-will,weakness-will,0
weber,weber,1
well-being,well-being,0
wesley-salmon,wesley-salmon,1
weyl,weyl,1
whewell,whewell,1
whitehead,whitehead,1
wilhelm-humboldt,wilhelm-humboldt,1
wilhelm-wundt,wilhelm-wundt,1
william-auvergne,william-auvergne,1
william-champeaux,william-champeaux,1
william-david-ross,william-david-ross,0
william-jevons,william-jevons,0
williams-bernard,williams-bernard,1
williams-dc,williams-dc,1
william-sherwood,william-sherwood,1
wilson,wilson,1
wisdom,wisdom,0
wittgenstein,wittgenstein,1
wittgenstein-aesthetics,wittgenstein-aesthetics,0
wittgenstein-atomism,wittgenstein-atomism,0
wittgenstein-mathematics,wittgenstein-mathematics,0
wodeham,wodeham,1
wolff-christian,wolff-christian,1
wollstonecraft,wollstonecraft,1
word-meaning,word-meaning,0
world-government,world-government,0
wright,wright,1
wyclif,wyclif,1
wyclif-political,wyclif-political,0
xenocrates,xenocrates,1
xenophanes,xenophanes,1
xunzi,xunzi,1
yorck,yorck,1
zabarella,zabarella,1
zeno-elea,zeno-elea,1
zermelo-set-theory,zermelo-set-theory,0
zhuangzi,zhuangzi,1
zhu-xi,zhu-xi,1
zombies,zombies,0
